filepath,label
/Users/hughsignoriello/Developer/ML-based-analysis-of-sound/data/audio/chinese_instruments/dizi/[dizi]e6jkWTnFMvI__23.wav,dizi
/Users/hughsignoriello/Developer/ML-based-analysis-of-sound/data/audio/chinese_instruments/dizi/[dizi]e6jkWTnFMvI__37.wav,dizi
/Users/hughsignoriello/Developer/ML-based-analysis-of-sound/data/audio/chinese_instruments/dizi/[dizi]lI1L2l6vi-4__14.wav,dizi
/Users/hughsignoriello/Developer/ML-based-analysis-of-sound/data/audio/chinese_instruments/dizi/[dizi]5il5NJIc3nk__79.wav,dizi
/Users/hughsignoriello/Developer/ML-based-analysis-of-sound/data/audio/chinese_instruments/dizi/[dizi]5il5NJIc3nk__51.wav,dizi
/Users/hughsignoriello/Developer/ML-based-analysis-of-sound/data/audio/chinese_instruments/dizi/[dizi]lI1L2l6vi-4__28.wav,dizi
/Users/hughsignoriello/Developer/ML-based-analysis-of-sound/data/audio/chinese_instruments/dizi/[dizi]-FoAZbf7ha0__13.wav,dizi
/Users/hughsignoriello/Developer/ML-based-analysis-of-sound/data/audio/chinese_instruments/dizi/[dizi]5il5NJIc3nk__45.wav,dizi
/Users/hughsignoriello/Developer/ML-based-analysis-of-sound/data/audio/chinese_instruments/dizi/[dizi]5il5NJIc3nk__92.wav,dizi
/Users/hughsignoriello/Developer/ML-based-analysis-of-sound/data/audio/chinese_instruments/dizi/[dizi]5il5NJIc3nk__86.wav,dizi
/Users/hughsignoriello/Developer/ML-based-analysis-of-sound/data/audio/chinese_instruments/dizi/[dizi]Mam92_4_lvA__67.wav,dizi
/Users/hughsignoriello/Developer/ML-based-analysis-of-sound/data/audio/chinese_instruments/dizi/[dizi]Mam92_4_lvA__73.wav,dizi
/Users/hughsignoriello/Developer/ML-based-analysis-of-sound/data/audio/chinese_instruments/dizi/[dizi]WDKd0sQPnqU__82.wav,dizi
/Users/hughsignoriello/Developer/ML-based-analysis-of-sound/data/audio/chinese_instruments/dizi/[dizi]WDKd0sQPnqU__55.wav,dizi
/Users/hughsignoriello/Developer/ML-based-analysis-of-sound/data/audio/chinese_instruments/dizi/[dizi]WDKd0sQPnqU__41.wav,dizi
/Users/hughsignoriello/Developer/ML-based-analysis-of-sound/data/audio/chinese_instruments/dizi/[dizi]WDKd0sQPnqU__69.wav,dizi
/Users/hughsignoriello/Developer/ML-based-analysis-of-sound/data/audio/chinese_instruments/dizi/[dizi]H8RY2ZXYD6Y__84.wav,dizi
/Users/hughsignoriello/Developer/ML-based-analysis-of-sound/data/audio/chinese_instruments/dizi/[dizi]Mam92_4_lvA__2.wav,dizi
/Users/hughsignoriello/Developer/ML-based-analysis-of-sound/data/audio/chinese_instruments/dizi/[dizi]5il5NJIc3nk__5.wav,dizi
/Users/hughsignoriello/Developer/ML-based-analysis-of-sound/data/audio/chinese_instruments/dizi/[dizi]H8RY2ZXYD6Y__47.wav,dizi
/Users/hughsignoriello/Developer/ML-based-analysis-of-sound/data/audio/chinese_instruments/dizi/[dizi]PTneEz4a_3c__31.wav,dizi
/Users/hughsignoriello/Developer/ML-based-analysis-of-sound/data/audio/chinese_instruments/dizi/[dizi]PTneEz4a_3c__25.wav,dizi
/Users/hughsignoriello/Developer/ML-based-analysis-of-sound/data/audio/chinese_instruments/dizi/[dizi]H8RY2ZXYD6Y__53.wav,dizi
/Users/hughsignoriello/Developer/ML-based-analysis-of-sound/data/audio/chinese_instruments/dizi/[dizi]PTneEz4a_3c__19.wav,dizi
/Users/hughsignoriello/Developer/ML-based-analysis-of-sound/data/audio/chinese_instruments/dizi/[dizi]PTneEz4a_3c__18.wav,dizi
/Users/hughsignoriello/Developer/ML-based-analysis-of-sound/data/audio/chinese_instruments/dizi/[dizi]H8RY2ZXYD6Y__52.wav,dizi
/Users/hughsignoriello/Developer/ML-based-analysis-of-sound/data/audio/chinese_instruments/dizi/[dizi]PTneEz4a_3c__24.wav,dizi
/Users/hughsignoriello/Developer/ML-based-analysis-of-sound/data/audio/chinese_instruments/dizi/[dizi]PTneEz4a_3c__30.wav,dizi
/Users/hughsignoriello/Developer/ML-based-analysis-of-sound/data/audio/chinese_instruments/dizi/[dizi]H8RY2ZXYD6Y__46.wav,dizi
/Users/hughsignoriello/Developer/ML-based-analysis-of-sound/data/audio/chinese_instruments/dizi/[dizi]5il5NJIc3nk__4.wav,dizi
/Users/hughsignoriello/Developer/ML-based-analysis-of-sound/data/audio/chinese_instruments/dizi/[dizi]Mam92_4_lvA__3.wav,dizi
/Users/hughsignoriello/Developer/ML-based-analysis-of-sound/data/audio/chinese_instruments/dizi/[dizi]H8RY2ZXYD6Y__85.wav,dizi
/Users/hughsignoriello/Developer/ML-based-analysis-of-sound/data/audio/chinese_instruments/dizi/[dizi]WDKd0sQPnqU__68.wav,dizi
/Users/hughsignoriello/Developer/ML-based-analysis-of-sound/data/audio/chinese_instruments/dizi/[dizi]WDKd0sQPnqU__40.wav,dizi
/Users/hughsignoriello/Developer/ML-based-analysis-of-sound/data/audio/chinese_instruments/dizi/[dizi]WDKd0sQPnqU__54.wav,dizi
/Users/hughsignoriello/Developer/ML-based-analysis-of-sound/data/audio/chinese_instruments/dizi/[dizi]lI1L2l6vi-4__1.wav,dizi
/Users/hughsignoriello/Developer/ML-based-analysis-of-sound/data/audio/chinese_instruments/dizi/[dizi]WDKd0sQPnqU__83.wav,dizi
/Users/hughsignoriello/Developer/ML-based-analysis-of-sound/data/audio/chinese_instruments/dizi/[dizi]Mam92_4_lvA__72.wav,dizi
/Users/hughsignoriello/Developer/ML-based-analysis-of-sound/data/audio/chinese_instruments/dizi/[dizi]Mam92_4_lvA__66.wav,dizi
/Users/hughsignoriello/Developer/ML-based-analysis-of-sound/data/audio/chinese_instruments/dizi/[dizi]5il5NJIc3nk__87.wav,dizi
/Users/hughsignoriello/Developer/ML-based-analysis-of-sound/data/audio/chinese_instruments/dizi/[dizi]5il5NJIc3nk__93.wav,dizi
/Users/hughsignoriello/Developer/ML-based-analysis-of-sound/data/audio/chinese_instruments/dizi/[dizi]lI1L2l6vi-4__29.wav,dizi
/Users/hughsignoriello/Developer/ML-based-analysis-of-sound/data/audio/chinese_instruments/dizi/[dizi]5il5NJIc3nk__44.wav,dizi
/Users/hughsignoriello/Developer/ML-based-analysis-of-sound/data/audio/chinese_instruments/dizi/[dizi]-FoAZbf7ha0__12.wav,dizi
/Users/hughsignoriello/Developer/ML-based-analysis-of-sound/data/audio/chinese_instruments/dizi/[dizi]5il5NJIc3nk__50.wav,dizi
/Users/hughsignoriello/Developer/ML-based-analysis-of-sound/data/audio/chinese_instruments/dizi/[dizi]lI1L2l6vi-4__15.wav,dizi
/Users/hughsignoriello/Developer/ML-based-analysis-of-sound/data/audio/chinese_instruments/dizi/[dizi]e6jkWTnFMvI__36.wav,dizi
/Users/hughsignoriello/Developer/ML-based-analysis-of-sound/data/audio/chinese_instruments/dizi/[dizi]5il5NJIc3nk__78.wav,dizi
/Users/hughsignoriello/Developer/ML-based-analysis-of-sound/data/audio/chinese_instruments/dizi/[dizi]e6jkWTnFMvI__22.wav,dizi
/Users/hughsignoriello/Developer/ML-based-analysis-of-sound/data/audio/chinese_instruments/dizi/[dizi]e6jkWTnFMvI__34.wav,dizi
/Users/hughsignoriello/Developer/ML-based-analysis-of-sound/data/audio/chinese_instruments/dizi/[dizi]lI1L2l6vi-4__17.wav,dizi
/Users/hughsignoriello/Developer/ML-based-analysis-of-sound/data/audio/chinese_instruments/dizi/[dizi]e6jkWTnFMvI__20.wav,dizi
/Users/hughsignoriello/Developer/ML-based-analysis-of-sound/data/audio/chinese_instruments/dizi/[dizi]-FoAZbf7ha0__38.wav,dizi
/Users/hughsignoriello/Developer/ML-based-analysis-of-sound/data/audio/chinese_instruments/dizi/[dizi]-FoAZbf7ha0__10.wav,dizi
/Users/hughsignoriello/Developer/ML-based-analysis-of-sound/data/audio/chinese_instruments/dizi/[dizi]5il5NJIc3nk__46.wav,dizi
/Users/hughsignoriello/Developer/ML-based-analysis-of-sound/data/audio/chinese_instruments/dizi/[dizi]5il5NJIc3nk__52.wav,dizi
/Users/hughsignoriello/Developer/ML-based-analysis-of-sound/data/audio/chinese_instruments/dizi/[dizi]5il5NJIc3nk__85.wav,dizi
/Users/hughsignoriello/Developer/ML-based-analysis-of-sound/data/audio/chinese_instruments/dizi/[dizi]5il5NJIc3nk__91.wav,dizi
/Users/hughsignoriello/Developer/ML-based-analysis-of-sound/data/audio/chinese_instruments/dizi/[dizi]Mam92_4_lvA__58.wav,dizi
/Users/hughsignoriello/Developer/ML-based-analysis-of-sound/data/audio/chinese_instruments/dizi/[dizi]Mam92_4_lvA__70.wav,dizi
/Users/hughsignoriello/Developer/ML-based-analysis-of-sound/data/audio/chinese_instruments/dizi/[dizi]Mam92_4_lvA__64.wav,dizi
/Users/hughsignoriello/Developer/ML-based-analysis-of-sound/data/audio/chinese_instruments/dizi/[dizi]WDKd0sQPnqU__81.wav,dizi
/Users/hughsignoriello/Developer/ML-based-analysis-of-sound/data/audio/chinese_instruments/dizi/[dizi]lI1L2l6vi-4__3.wav,dizi
/Users/hughsignoriello/Developer/ML-based-analysis-of-sound/data/audio/chinese_instruments/dizi/[dizi]WDKd0sQPnqU__42.wav,dizi
/Users/hughsignoriello/Developer/ML-based-analysis-of-sound/data/audio/chinese_instruments/dizi/[dizi]WDKd0sQPnqU__56.wav,dizi
/Users/hughsignoriello/Developer/ML-based-analysis-of-sound/data/audio/chinese_instruments/dizi/[dizi]Mam92_4_lvA__1.wav,dizi
/Users/hughsignoriello/Developer/ML-based-analysis-of-sound/data/audio/chinese_instruments/dizi/[dizi]PTneEz4a_3c__26.wav,dizi
/Users/hughsignoriello/Developer/ML-based-analysis-of-sound/data/audio/chinese_instruments/dizi/[dizi]H8RY2ZXYD6Y__50.wav,dizi
/Users/hughsignoriello/Developer/ML-based-analysis-of-sound/data/audio/chinese_instruments/dizi/[dizi]5il5NJIc3nk__6.wav,dizi
/Users/hughsignoriello/Developer/ML-based-analysis-of-sound/data/audio/chinese_instruments/dizi/[dizi]H8RY2ZXYD6Y__44.wav,dizi
/Users/hughsignoriello/Developer/ML-based-analysis-of-sound/data/audio/chinese_instruments/dizi/[dizi]PTneEz4a_3c__32.wav,dizi
/Users/hughsignoriello/Developer/ML-based-analysis-of-sound/data/audio/chinese_instruments/dizi/[dizi]H8RY2ZXYD6Y__78.wav,dizi
/Users/hughsignoriello/Developer/ML-based-analysis-of-sound/data/audio/chinese_instruments/dizi/[dizi]H8RY2ZXYD6Y__79.wav,dizi
/Users/hughsignoriello/Developer/ML-based-analysis-of-sound/data/audio/chinese_instruments/dizi/[dizi]urt0TItvqJk__18.wav,dizi
/Users/hughsignoriello/Developer/ML-based-analysis-of-sound/data/audio/chinese_instruments/dizi/[dizi]PTneEz4a_3c__33.wav,dizi
/Users/hughsignoriello/Developer/ML-based-analysis-of-sound/data/audio/chinese_instruments/dizi/[dizi]H8RY2ZXYD6Y__45.wav,dizi
/Users/hughsignoriello/Developer/ML-based-analysis-of-sound/data/audio/chinese_instruments/dizi/[dizi]5il5NJIc3nk__7.wav,dizi
/Users/hughsignoriello/Developer/ML-based-analysis-of-sound/data/audio/chinese_instruments/dizi/[dizi]H8RY2ZXYD6Y__51.wav,dizi
/Users/hughsignoriello/Developer/ML-based-analysis-of-sound/data/audio/chinese_instruments/dizi/[dizi]PTneEz4a_3c__27.wav,dizi
/Users/hughsignoriello/Developer/ML-based-analysis-of-sound/data/audio/chinese_instruments/dizi/[dizi]H8RY2ZXYD6Y__86.wav,dizi
/Users/hughsignoriello/Developer/ML-based-analysis-of-sound/data/audio/chinese_instruments/dizi/[dizi]WDKd0sQPnqU__57.wav,dizi
/Users/hughsignoriello/Developer/ML-based-analysis-of-sound/data/audio/chinese_instruments/dizi/[dizi]WDKd0sQPnqU__43.wav,dizi
/Users/hughsignoriello/Developer/ML-based-analysis-of-sound/data/audio/chinese_instruments/dizi/[dizi]lI1L2l6vi-4__2.wav,dizi
/Users/hughsignoriello/Developer/ML-based-analysis-of-sound/data/audio/chinese_instruments/dizi/[dizi]WDKd0sQPnqU__80.wav,dizi
/Users/hughsignoriello/Developer/ML-based-analysis-of-sound/data/audio/chinese_instruments/dizi/[dizi]Mam92_4_lvA__65.wav,dizi
/Users/hughsignoriello/Developer/ML-based-analysis-of-sound/data/audio/chinese_instruments/dizi/[dizi]Mam92_4_lvA__71.wav,dizi
/Users/hughsignoriello/Developer/ML-based-analysis-of-sound/data/audio/chinese_instruments/dizi/[dizi]Mam92_4_lvA__59.wav,dizi
/Users/hughsignoriello/Developer/ML-based-analysis-of-sound/data/audio/chinese_instruments/dizi/[dizi]5il5NJIc3nk__90.wav,dizi
/Users/hughsignoriello/Developer/ML-based-analysis-of-sound/data/audio/chinese_instruments/dizi/[dizi]5il5NJIc3nk__84.wav,dizi
/Users/hughsignoriello/Developer/ML-based-analysis-of-sound/data/audio/chinese_instruments/dizi/[dizi]5il5NJIc3nk__53.wav,dizi
/Users/hughsignoriello/Developer/ML-based-analysis-of-sound/data/audio/chinese_instruments/dizi/[dizi]5il5NJIc3nk__47.wav,dizi
/Users/hughsignoriello/Developer/ML-based-analysis-of-sound/data/audio/chinese_instruments/dizi/[dizi]-FoAZbf7ha0__11.wav,dizi
/Users/hughsignoriello/Developer/ML-based-analysis-of-sound/data/audio/chinese_instruments/dizi/[dizi]e6jkWTnFMvI__21.wav,dizi
/Users/hughsignoriello/Developer/ML-based-analysis-of-sound/data/audio/chinese_instruments/dizi/[dizi]-FoAZbf7ha0__39.wav,dizi
/Users/hughsignoriello/Developer/ML-based-analysis-of-sound/data/audio/chinese_instruments/dizi/[dizi]lI1L2l6vi-4__16.wav,dizi
/Users/hughsignoriello/Developer/ML-based-analysis-of-sound/data/audio/chinese_instruments/dizi/[dizi]e6jkWTnFMvI__35.wav,dizi
/Users/hughsignoriello/Developer/ML-based-analysis-of-sound/data/audio/chinese_instruments/dizi/[dizi]-FoAZbf7ha0__15.wav,dizi
/Users/hughsignoriello/Developer/ML-based-analysis-of-sound/data/audio/chinese_instruments/dizi/[dizi]5il5NJIc3nk__43.wav,dizi
/Users/hughsignoriello/Developer/ML-based-analysis-of-sound/data/audio/chinese_instruments/dizi/[dizi]5il5NJIc3nk__57.wav,dizi
/Users/hughsignoriello/Developer/ML-based-analysis-of-sound/data/audio/chinese_instruments/dizi/[dizi]e6jkWTnFMvI__19.wav,dizi
/Users/hughsignoriello/Developer/ML-based-analysis-of-sound/data/audio/chinese_instruments/dizi/[dizi]e6jkWTnFMvI__31.wav,dizi
/Users/hughsignoriello/Developer/ML-based-analysis-of-sound/data/audio/chinese_instruments/dizi/[dizi]lI1L2l6vi-4__12.wav,dizi
/Users/hughsignoriello/Developer/ML-based-analysis-of-sound/data/audio/chinese_instruments/dizi/[dizi]-FoAZbf7ha0__29.wav,dizi
/Users/hughsignoriello/Developer/ML-based-analysis-of-sound/data/audio/chinese_instruments/dizi/[dizi]e6jkWTnFMvI__25.wav,dizi
/Users/hughsignoriello/Developer/ML-based-analysis-of-sound/data/audio/chinese_instruments/dizi/[dizi]5il5NJIc3nk__80.wav,dizi
/Users/hughsignoriello/Developer/ML-based-analysis-of-sound/data/audio/chinese_instruments/dizi/[dizi]5il5NJIc3nk__94.wav,dizi
/Users/hughsignoriello/Developer/ML-based-analysis-of-sound/data/audio/chinese_instruments/dizi/[dizi]Mam92_4_lvA__75.wav,dizi
/Users/hughsignoriello/Developer/ML-based-analysis-of-sound/data/audio/chinese_instruments/dizi/[dizi]Mam92_4_lvA__61.wav,dizi
/Users/hughsignoriello/Developer/ML-based-analysis-of-sound/data/audio/chinese_instruments/dizi/[dizi]Mam92_4_lvA__49.wav,dizi
/Users/hughsignoriello/Developer/ML-based-analysis-of-sound/data/audio/chinese_instruments/dizi/[dizi]lI1L2l6vi-4__6.wav,dizi
/Users/hughsignoriello/Developer/ML-based-analysis-of-sound/data/audio/chinese_instruments/dizi/[dizi]WDKd0sQPnqU__84.wav,dizi
/Users/hughsignoriello/Developer/ML-based-analysis-of-sound/data/audio/chinese_instruments/dizi/[dizi]WDKd0sQPnqU__47.wav,dizi
/Users/hughsignoriello/Developer/ML-based-analysis-of-sound/data/audio/chinese_instruments/dizi/[dizi]WDKd0sQPnqU__53.wav,dizi
/Users/hughsignoriello/Developer/ML-based-analysis-of-sound/data/audio/chinese_instruments/dizi/[dizi]Mam92_4_lvA__4.wav,dizi
/Users/hughsignoriello/Developer/ML-based-analysis-of-sound/data/audio/chinese_instruments/dizi/[dizi]H8RY2ZXYD6Y__82.wav,dizi
/Users/hughsignoriello/Developer/ML-based-analysis-of-sound/data/audio/chinese_instruments/dizi/[dizi]H8RY2ZXYD6Y__69.wav,dizi
/Users/hughsignoriello/Developer/ML-based-analysis-of-sound/data/audio/chinese_instruments/dizi/[dizi]PTneEz4a_3c__23.wav,dizi
/Users/hughsignoriello/Developer/ML-based-analysis-of-sound/data/audio/chinese_instruments/dizi/[dizi]H8RY2ZXYD6Y__55.wav,dizi
/Users/hughsignoriello/Developer/ML-based-analysis-of-sound/data/audio/chinese_instruments/dizi/[dizi]5il5NJIc3nk__3.wav,dizi
/Users/hughsignoriello/Developer/ML-based-analysis-of-sound/data/audio/chinese_instruments/dizi/[dizi]H8RY2ZXYD6Y__41.wav,dizi
/Users/hughsignoriello/Developer/ML-based-analysis-of-sound/data/audio/chinese_instruments/dizi/[dizi]PTneEz4a_3c__37.wav,dizi
/Users/hughsignoriello/Developer/ML-based-analysis-of-sound/data/audio/chinese_instruments/dizi/[dizi]PTneEz4a_3c__36.wav,dizi
/Users/hughsignoriello/Developer/ML-based-analysis-of-sound/data/audio/chinese_instruments/dizi/[dizi]H8RY2ZXYD6Y__40.wav,dizi
/Users/hughsignoriello/Developer/ML-based-analysis-of-sound/data/audio/chinese_instruments/dizi/[dizi]5il5NJIc3nk__2.wav,dizi
/Users/hughsignoriello/Developer/ML-based-analysis-of-sound/data/audio/chinese_instruments/dizi/[dizi]H8RY2ZXYD6Y__54.wav,dizi
/Users/hughsignoriello/Developer/ML-based-analysis-of-sound/data/audio/chinese_instruments/dizi/[dizi]PTneEz4a_3c__22.wav,dizi
/Users/hughsignoriello/Developer/ML-based-analysis-of-sound/data/audio/chinese_instruments/dizi/[dizi]H8RY2ZXYD6Y__68.wav,dizi
/Users/hughsignoriello/Developer/ML-based-analysis-of-sound/data/audio/chinese_instruments/dizi/[dizi]H8RY2ZXYD6Y__83.wav,dizi
/Users/hughsignoriello/Developer/ML-based-analysis-of-sound/data/audio/chinese_instruments/dizi/[dizi]Mam92_4_lvA__5.wav,dizi
/Users/hughsignoriello/Developer/ML-based-analysis-of-sound/data/audio/chinese_instruments/dizi/[dizi]WDKd0sQPnqU__52.wav,dizi
/Users/hughsignoriello/Developer/ML-based-analysis-of-sound/data/audio/chinese_instruments/dizi/[dizi]WDKd0sQPnqU__46.wav,dizi
/Users/hughsignoriello/Developer/ML-based-analysis-of-sound/data/audio/chinese_instruments/dizi/[dizi]lI1L2l6vi-4__7.wav,dizi
/Users/hughsignoriello/Developer/ML-based-analysis-of-sound/data/audio/chinese_instruments/dizi/[dizi]Mam92_4_lvA__48.wav,dizi
/Users/hughsignoriello/Developer/ML-based-analysis-of-sound/data/audio/chinese_instruments/dizi/[dizi]Mam92_4_lvA__60.wav,dizi
/Users/hughsignoriello/Developer/ML-based-analysis-of-sound/data/audio/chinese_instruments/dizi/[dizi]Mam92_4_lvA__74.wav,dizi
/Users/hughsignoriello/Developer/ML-based-analysis-of-sound/data/audio/chinese_instruments/dizi/[dizi]5il5NJIc3nk__95.wav,dizi
/Users/hughsignoriello/Developer/ML-based-analysis-of-sound/data/audio/chinese_instruments/dizi/[dizi]5il5NJIc3nk__81.wav,dizi
/Users/hughsignoriello/Developer/ML-based-analysis-of-sound/data/audio/chinese_instruments/dizi/[dizi]e6jkWTnFMvI__24.wav,dizi
/Users/hughsignoriello/Developer/ML-based-analysis-of-sound/data/audio/chinese_instruments/dizi/[dizi]lI1L2l6vi-4__13.wav,dizi
/Users/hughsignoriello/Developer/ML-based-analysis-of-sound/data/audio/chinese_instruments/dizi/[dizi]e6jkWTnFMvI__30.wav,dizi
/Users/hughsignoriello/Developer/ML-based-analysis-of-sound/data/audio/chinese_instruments/dizi/[dizi]-FoAZbf7ha0__28.wav,dizi
/Users/hughsignoriello/Developer/ML-based-analysis-of-sound/data/audio/chinese_instruments/dizi/[dizi]5il5NJIc3nk__56.wav,dizi
/Users/hughsignoriello/Developer/ML-based-analysis-of-sound/data/audio/chinese_instruments/dizi/[dizi]e6jkWTnFMvI__18.wav,dizi
/Users/hughsignoriello/Developer/ML-based-analysis-of-sound/data/audio/chinese_instruments/dizi/[dizi]5il5NJIc3nk__42.wav,dizi
/Users/hughsignoriello/Developer/ML-based-analysis-of-sound/data/audio/chinese_instruments/dizi/[dizi]-FoAZbf7ha0__14.wav,dizi
/Users/hughsignoriello/Developer/ML-based-analysis-of-sound/data/audio/chinese_instruments/dizi/[dizi]lI1L2l6vi-4__39.wav,dizi
/Users/hughsignoriello/Developer/ML-based-analysis-of-sound/data/audio/chinese_instruments/dizi/[dizi]5il5NJIc3nk__54.wav,dizi
/Users/hughsignoriello/Developer/ML-based-analysis-of-sound/data/audio/chinese_instruments/dizi/[dizi]-FoAZbf7ha0__16.wav,dizi
/Users/hughsignoriello/Developer/ML-based-analysis-of-sound/data/audio/chinese_instruments/dizi/[dizi]5il5NJIc3nk__40.wav,dizi
/Users/hughsignoriello/Developer/ML-based-analysis-of-sound/data/audio/chinese_instruments/dizi/[dizi]e6jkWTnFMvI__26.wav,dizi
/Users/hughsignoriello/Developer/ML-based-analysis-of-sound/data/audio/chinese_instruments/dizi/[dizi]5il5NJIc3nk__68.wav,dizi
/Users/hughsignoriello/Developer/ML-based-analysis-of-sound/data/audio/chinese_instruments/dizi/[dizi]e6jkWTnFMvI__32.wav,dizi
/Users/hughsignoriello/Developer/ML-based-analysis-of-sound/data/audio/chinese_instruments/dizi/[dizi]lI1L2l6vi-4__11.wav,dizi
/Users/hughsignoriello/Developer/ML-based-analysis-of-sound/data/audio/chinese_instruments/dizi/[dizi]5il5NJIc3nk__97.wav,dizi
/Users/hughsignoriello/Developer/ML-based-analysis-of-sound/data/audio/chinese_instruments/dizi/[dizi]5il5NJIc3nk__83.wav,dizi
/Users/hughsignoriello/Developer/ML-based-analysis-of-sound/data/audio/chinese_instruments/dizi/[dizi]Mam92_4_lvA__62.wav,dizi
/Users/hughsignoriello/Developer/ML-based-analysis-of-sound/data/audio/chinese_instruments/dizi/[dizi]Mam92_4_lvA__76.wav,dizi
/Users/hughsignoriello/Developer/ML-based-analysis-of-sound/data/audio/chinese_instruments/dizi/[dizi]lI1L2l6vi-4__5.wav,dizi
/Users/hughsignoriello/Developer/ML-based-analysis-of-sound/data/audio/chinese_instruments/dizi/[dizi]-FoAZbf7ha0__8.wav,dizi
/Users/hughsignoriello/Developer/ML-based-analysis-of-sound/data/audio/chinese_instruments/dizi/[dizi]WDKd0sQPnqU__78.wav,dizi
/Users/hughsignoriello/Developer/ML-based-analysis-of-sound/data/audio/chinese_instruments/dizi/[dizi]WDKd0sQPnqU__50.wav,dizi
/Users/hughsignoriello/Developer/ML-based-analysis-of-sound/data/audio/chinese_instruments/dizi/[dizi]WDKd0sQPnqU__44.wav,dizi
/Users/hughsignoriello/Developer/ML-based-analysis-of-sound/data/audio/chinese_instruments/dizi/[dizi]PTneEz4a_3c__8.wav,dizi
/Users/hughsignoriello/Developer/ML-based-analysis-of-sound/data/audio/chinese_instruments/dizi/[dizi]H8RY2ZXYD6Y__81.wav,dizi
/Users/hughsignoriello/Developer/ML-based-analysis-of-sound/data/audio/chinese_instruments/dizi/[dizi]Mam92_4_lvA__7.wav,dizi
/Users/hughsignoriello/Developer/ML-based-analysis-of-sound/data/audio/chinese_instruments/dizi/[dizi]H8RY2ZXYD6Y__42.wav,dizi
/Users/hughsignoriello/Developer/ML-based-analysis-of-sound/data/audio/chinese_instruments/dizi/[dizi]PTneEz4a_3c__34.wav,dizi
/Users/hughsignoriello/Developer/ML-based-analysis-of-sound/data/audio/chinese_instruments/dizi/[dizi]PTneEz4a_3c__20.wav,dizi
/Users/hughsignoriello/Developer/ML-based-analysis-of-sound/data/audio/chinese_instruments/dizi/[dizi]H8RY2ZXYD6Y__56.wav,dizi
/Users/hughsignoriello/Developer/ML-based-analysis-of-sound/data/audio/chinese_instruments/dizi/[dizi]H8RY2ZXYD6Y__57.wav,dizi
/Users/hughsignoriello/Developer/ML-based-analysis-of-sound/data/audio/chinese_instruments/dizi/[dizi]PTneEz4a_3c__21.wav,dizi
/Users/hughsignoriello/Developer/ML-based-analysis-of-sound/data/audio/chinese_instruments/dizi/[dizi]PTneEz4a_3c__35.wav,dizi
/Users/hughsignoriello/Developer/ML-based-analysis-of-sound/data/audio/chinese_instruments/dizi/[dizi]H8RY2ZXYD6Y__43.wav,dizi
/Users/hughsignoriello/Developer/ML-based-analysis-of-sound/data/audio/chinese_instruments/dizi/[dizi]5il5NJIc3nk__1.wav,dizi
/Users/hughsignoriello/Developer/ML-based-analysis-of-sound/data/audio/chinese_instruments/dizi/[dizi]Mam92_4_lvA__6.wav,dizi
/Users/hughsignoriello/Developer/ML-based-analysis-of-sound/data/audio/chinese_instruments/dizi/[dizi]H8RY2ZXYD6Y__80.wav,dizi
/Users/hughsignoriello/Developer/ML-based-analysis-of-sound/data/audio/chinese_instruments/dizi/[dizi]PTneEz4a_3c__9.wav,dizi
/Users/hughsignoriello/Developer/ML-based-analysis-of-sound/data/audio/chinese_instruments/dizi/[dizi]WDKd0sQPnqU__45.wav,dizi
/Users/hughsignoriello/Developer/ML-based-analysis-of-sound/data/audio/chinese_instruments/dizi/[dizi]WDKd0sQPnqU__51.wav,dizi
/Users/hughsignoriello/Developer/ML-based-analysis-of-sound/data/audio/chinese_instruments/dizi/[dizi]WDKd0sQPnqU__79.wav,dizi
/Users/hughsignoriello/Developer/ML-based-analysis-of-sound/data/audio/chinese_instruments/dizi/[dizi]-FoAZbf7ha0__9.wav,dizi
/Users/hughsignoriello/Developer/ML-based-analysis-of-sound/data/audio/chinese_instruments/dizi/[dizi]lI1L2l6vi-4__4.wav,dizi
/Users/hughsignoriello/Developer/ML-based-analysis-of-sound/data/audio/chinese_instruments/dizi/[dizi]Mam92_4_lvA__77.wav,dizi
/Users/hughsignoriello/Developer/ML-based-analysis-of-sound/data/audio/chinese_instruments/dizi/[dizi]Mam92_4_lvA__63.wav,dizi
/Users/hughsignoriello/Developer/ML-based-analysis-of-sound/data/audio/chinese_instruments/dizi/[dizi]5il5NJIc3nk__82.wav,dizi
/Users/hughsignoriello/Developer/ML-based-analysis-of-sound/data/audio/chinese_instruments/dizi/[dizi]5il5NJIc3nk__96.wav,dizi
/Users/hughsignoriello/Developer/ML-based-analysis-of-sound/data/audio/chinese_instruments/dizi/[dizi]lI1L2l6vi-4__10.wav,dizi
/Users/hughsignoriello/Developer/ML-based-analysis-of-sound/data/audio/chinese_instruments/dizi/[dizi]e6jkWTnFMvI__33.wav,dizi
/Users/hughsignoriello/Developer/ML-based-analysis-of-sound/data/audio/chinese_instruments/dizi/[dizi]e6jkWTnFMvI__27.wav,dizi
/Users/hughsignoriello/Developer/ML-based-analysis-of-sound/data/audio/chinese_instruments/dizi/[dizi]5il5NJIc3nk__69.wav,dizi
/Users/hughsignoriello/Developer/ML-based-analysis-of-sound/data/audio/chinese_instruments/dizi/[dizi]5il5NJIc3nk__41.wav,dizi
/Users/hughsignoriello/Developer/ML-based-analysis-of-sound/data/audio/chinese_instruments/dizi/[dizi]-FoAZbf7ha0__17.wav,dizi
/Users/hughsignoriello/Developer/ML-based-analysis-of-sound/data/audio/chinese_instruments/dizi/[dizi]lI1L2l6vi-4__38.wav,dizi
/Users/hughsignoriello/Developer/ML-based-analysis-of-sound/data/audio/chinese_instruments/dizi/[dizi]5il5NJIc3nk__55.wav,dizi
/Users/hughsignoriello/Developer/ML-based-analysis-of-sound/data/audio/chinese_instruments/dizi/[dizi]e6jkWTnFMvI__40.wav,dizi
/Users/hughsignoriello/Developer/ML-based-analysis-of-sound/data/audio/chinese_instruments/dizi/[dizi]lI1L2l6vi-4__63.wav,dizi
/Users/hughsignoriello/Developer/ML-based-analysis-of-sound/data/audio/chinese_instruments/dizi/[dizi]-FoAZbf7ha0__58.wav,dizi
/Users/hughsignoriello/Developer/ML-based-analysis-of-sound/data/audio/chinese_instruments/dizi/[dizi]e6jkWTnFMvI__54.wav,dizi
/Users/hughsignoriello/Developer/ML-based-analysis-of-sound/data/audio/chinese_instruments/dizi/[dizi]5il5NJIc3nk__32.wav,dizi
/Users/hughsignoriello/Developer/ML-based-analysis-of-sound/data/audio/chinese_instruments/dizi/[dizi]5il5NJIc3nk__26.wav,dizi
/Users/hughsignoriello/Developer/ML-based-analysis-of-sound/data/audio/chinese_instruments/dizi/[dizi]e6jkWTnFMvI__68.wav,dizi
/Users/hughsignoriello/Developer/ML-based-analysis-of-sound/data/audio/chinese_instruments/dizi/[dizi]e6jkWTnFMvI__83.wav,dizi
/Users/hughsignoriello/Developer/ML-based-analysis-of-sound/data/audio/chinese_instruments/dizi/[dizi]Mam92_4_lvA__38.wav,dizi
/Users/hughsignoriello/Developer/ML-based-analysis-of-sound/data/audio/chinese_instruments/dizi/[dizi]Mam92_4_lvA__10.wav,dizi
/Users/hughsignoriello/Developer/ML-based-analysis-of-sound/data/audio/chinese_instruments/dizi/[dizi]WDKd0sQPnqU__36.wav,dizi
/Users/hughsignoriello/Developer/ML-based-analysis-of-sound/data/audio/chinese_instruments/dizi/[dizi]WDKd0sQPnqU__22.wav,dizi
/Users/hughsignoriello/Developer/ML-based-analysis-of-sound/data/audio/chinese_instruments/dizi/[dizi]WDKd0sQPnqU__6.wav,dizi
/Users/hughsignoriello/Developer/ML-based-analysis-of-sound/data/audio/chinese_instruments/dizi/[dizi]PTneEz4a_3c__91.wav,dizi
/Users/hughsignoriello/Developer/ML-based-analysis-of-sound/data/audio/chinese_instruments/dizi/[dizi]PTneEz4a_3c__85.wav,dizi
/Users/hughsignoriello/Developer/ML-based-analysis-of-sound/data/audio/chinese_instruments/dizi/[dizi]PTneEz4a_3c__52.wav,dizi
/Users/hughsignoriello/Developer/ML-based-analysis-of-sound/data/audio/chinese_instruments/dizi/[dizi]H8RY2ZXYD6Y__24.wav,dizi
/Users/hughsignoriello/Developer/ML-based-analysis-of-sound/data/audio/chinese_instruments/dizi/[dizi]H8RY2ZXYD6Y__30.wav,dizi
/Users/hughsignoriello/Developer/ML-based-analysis-of-sound/data/audio/chinese_instruments/dizi/[dizi]PTneEz4a_3c__46.wav,dizi
/Users/hughsignoriello/Developer/ML-based-analysis-of-sound/data/audio/chinese_instruments/dizi/[dizi]H8RY2ZXYD6Y__18.wav,dizi
/Users/hughsignoriello/Developer/ML-based-analysis-of-sound/data/audio/chinese_instruments/dizi/[dizi]H8RY2ZXYD6Y__19.wav,dizi
/Users/hughsignoriello/Developer/ML-based-analysis-of-sound/data/audio/chinese_instruments/dizi/[dizi]PTneEz4a_3c__47.wav,dizi
/Users/hughsignoriello/Developer/ML-based-analysis-of-sound/data/audio/chinese_instruments/dizi/[dizi]H8RY2ZXYD6Y__31.wav,dizi
/Users/hughsignoriello/Developer/ML-based-analysis-of-sound/data/audio/chinese_instruments/dizi/[dizi]H8RY2ZXYD6Y__25.wav,dizi
/Users/hughsignoriello/Developer/ML-based-analysis-of-sound/data/audio/chinese_instruments/dizi/[dizi]PTneEz4a_3c__53.wav,dizi
/Users/hughsignoriello/Developer/ML-based-analysis-of-sound/data/audio/chinese_instruments/dizi/[dizi]PTneEz4a_3c__84.wav,dizi
/Users/hughsignoriello/Developer/ML-based-analysis-of-sound/data/audio/chinese_instruments/dizi/[dizi]PTneEz4a_3c__90.wav,dizi
/Users/hughsignoriello/Developer/ML-based-analysis-of-sound/data/audio/chinese_instruments/dizi/[dizi]WDKd0sQPnqU__7.wav,dizi
/Users/hughsignoriello/Developer/ML-based-analysis-of-sound/data/audio/chinese_instruments/dizi/[dizi]WDKd0sQPnqU__23.wav,dizi
/Users/hughsignoriello/Developer/ML-based-analysis-of-sound/data/audio/chinese_instruments/dizi/[dizi]WDKd0sQPnqU__37.wav,dizi
/Users/hughsignoriello/Developer/ML-based-analysis-of-sound/data/audio/chinese_instruments/dizi/[dizi]Mam92_4_lvA__11.wav,dizi
/Users/hughsignoriello/Developer/ML-based-analysis-of-sound/data/audio/chinese_instruments/dizi/[dizi]Mam92_4_lvA__39.wav,dizi
/Users/hughsignoriello/Developer/ML-based-analysis-of-sound/data/audio/chinese_instruments/dizi/[dizi]e6jkWTnFMvI__1.wav,dizi
/Users/hughsignoriello/Developer/ML-based-analysis-of-sound/data/audio/chinese_instruments/dizi/[dizi]e6jkWTnFMvI__82.wav,dizi
/Users/hughsignoriello/Developer/ML-based-analysis-of-sound/data/audio/chinese_instruments/dizi/[dizi]5il5NJIc3nk__27.wav,dizi
/Users/hughsignoriello/Developer/ML-based-analysis-of-sound/data/audio/chinese_instruments/dizi/[dizi]e6jkWTnFMvI__69.wav,dizi
/Users/hughsignoriello/Developer/ML-based-analysis-of-sound/data/audio/chinese_instruments/dizi/[dizi]5il5NJIc3nk__33.wav,dizi
/Users/hughsignoriello/Developer/ML-based-analysis-of-sound/data/audio/chinese_instruments/dizi/[dizi]e6jkWTnFMvI__55.wav,dizi
/Users/hughsignoriello/Developer/ML-based-analysis-of-sound/data/audio/chinese_instruments/dizi/[dizi]lI1L2l6vi-4__62.wav,dizi
/Users/hughsignoriello/Developer/ML-based-analysis-of-sound/data/audio/chinese_instruments/dizi/[dizi]e6jkWTnFMvI__41.wav,dizi
/Users/hughsignoriello/Developer/ML-based-analysis-of-sound/data/audio/chinese_instruments/dizi/[dizi]-FoAZbf7ha0__59.wav,dizi
/Users/hughsignoriello/Developer/ML-based-analysis-of-sound/data/audio/chinese_instruments/dizi/[dizi]e6jkWTnFMvI__57.wav,dizi
/Users/hughsignoriello/Developer/ML-based-analysis-of-sound/data/audio/chinese_instruments/dizi/[dizi]5il5NJIc3nk__19.wav,dizi
/Users/hughsignoriello/Developer/ML-based-analysis-of-sound/data/audio/chinese_instruments/dizi/[dizi]e6jkWTnFMvI__43.wav,dizi
/Users/hughsignoriello/Developer/ML-based-analysis-of-sound/data/audio/chinese_instruments/dizi/[dizi]lI1L2l6vi-4__60.wav,dizi
/Users/hughsignoriello/Developer/ML-based-analysis-of-sound/data/audio/chinese_instruments/dizi/[dizi]lI1L2l6vi-4__48.wav,dizi
/Users/hughsignoriello/Developer/ML-based-analysis-of-sound/data/audio/chinese_instruments/dizi/[dizi]5il5NJIc3nk__25.wav,dizi
/Users/hughsignoriello/Developer/ML-based-analysis-of-sound/data/audio/chinese_instruments/dizi/[dizi]5il5NJIc3nk__31.wav,dizi
/Users/hughsignoriello/Developer/ML-based-analysis-of-sound/data/audio/chinese_instruments/dizi/[dizi]e6jkWTnFMvI__80.wav,dizi
/Users/hughsignoriello/Developer/ML-based-analysis-of-sound/data/audio/chinese_instruments/dizi/[dizi]e6jkWTnFMvI__3.wav,dizi
/Users/hughsignoriello/Developer/ML-based-analysis-of-sound/data/audio/chinese_instruments/dizi/[dizi]H8RY2ZXYD6Y__9.wav,dizi
/Users/hughsignoriello/Developer/ML-based-analysis-of-sound/data/audio/chinese_instruments/dizi/[dizi]Mam92_4_lvA__13.wav,dizi
/Users/hughsignoriello/Developer/ML-based-analysis-of-sound/data/audio/chinese_instruments/dizi/[dizi]WDKd0sQPnqU__21.wav,dizi
/Users/hughsignoriello/Developer/ML-based-analysis-of-sound/data/audio/chinese_instruments/dizi/[dizi]WDKd0sQPnqU__35.wav,dizi
/Users/hughsignoriello/Developer/ML-based-analysis-of-sound/data/audio/chinese_instruments/dizi/[dizi]PTneEz4a_3c__86.wav,dizi
/Users/hughsignoriello/Developer/ML-based-analysis-of-sound/data/audio/chinese_instruments/dizi/[dizi]WDKd0sQPnqU__5.wav,dizi
/Users/hughsignoriello/Developer/ML-based-analysis-of-sound/data/audio/chinese_instruments/dizi/[dizi]PTneEz4a_3c__92.wav,dizi
/Users/hughsignoriello/Developer/ML-based-analysis-of-sound/data/audio/chinese_instruments/dizi/[dizi]H8RY2ZXYD6Y__33.wav,dizi
/Users/hughsignoriello/Developer/ML-based-analysis-of-sound/data/audio/chinese_instruments/dizi/[dizi]PTneEz4a_3c__45.wav,dizi
/Users/hughsignoriello/Developer/ML-based-analysis-of-sound/data/audio/chinese_instruments/dizi/[dizi]PTneEz4a_3c__51.wav,dizi
/Users/hughsignoriello/Developer/ML-based-analysis-of-sound/data/audio/chinese_instruments/dizi/[dizi]H8RY2ZXYD6Y__27.wav,dizi
/Users/hughsignoriello/Developer/ML-based-analysis-of-sound/data/audio/chinese_instruments/dizi/[dizi]PTneEz4a_3c__79.wav,dizi
/Users/hughsignoriello/Developer/ML-based-analysis-of-sound/data/audio/chinese_instruments/dizi/[dizi]PTneEz4a_3c__78.wav,dizi
/Users/hughsignoriello/Developer/ML-based-analysis-of-sound/data/audio/chinese_instruments/dizi/[dizi]H8RY2ZXYD6Y__26.wav,dizi
/Users/hughsignoriello/Developer/ML-based-analysis-of-sound/data/audio/chinese_instruments/dizi/[dizi]PTneEz4a_3c__50.wav,dizi
/Users/hughsignoriello/Developer/ML-based-analysis-of-sound/data/audio/chinese_instruments/dizi/[dizi]PTneEz4a_3c__44.wav,dizi
/Users/hughsignoriello/Developer/ML-based-analysis-of-sound/data/audio/chinese_instruments/dizi/[dizi]H8RY2ZXYD6Y__32.wav,dizi
/Users/hughsignoriello/Developer/ML-based-analysis-of-sound/data/audio/chinese_instruments/dizi/[dizi]PTneEz4a_3c__93.wav,dizi
/Users/hughsignoriello/Developer/ML-based-analysis-of-sound/data/audio/chinese_instruments/dizi/[dizi]WDKd0sQPnqU__4.wav,dizi
/Users/hughsignoriello/Developer/ML-based-analysis-of-sound/data/audio/chinese_instruments/dizi/[dizi]PTneEz4a_3c__87.wav,dizi
/Users/hughsignoriello/Developer/ML-based-analysis-of-sound/data/audio/chinese_instruments/dizi/[dizi]WDKd0sQPnqU__34.wav,dizi
/Users/hughsignoriello/Developer/ML-based-analysis-of-sound/data/audio/chinese_instruments/dizi/[dizi]WDKd0sQPnqU__20.wav,dizi
/Users/hughsignoriello/Developer/ML-based-analysis-of-sound/data/audio/chinese_instruments/dizi/[dizi]Mam92_4_lvA__12.wav,dizi
/Users/hughsignoriello/Developer/ML-based-analysis-of-sound/data/audio/chinese_instruments/dizi/[dizi]H8RY2ZXYD6Y__8.wav,dizi
/Users/hughsignoriello/Developer/ML-based-analysis-of-sound/data/audio/chinese_instruments/dizi/[dizi]e6jkWTnFMvI__2.wav,dizi
/Users/hughsignoriello/Developer/ML-based-analysis-of-sound/data/audio/chinese_instruments/dizi/[dizi]e6jkWTnFMvI__81.wav,dizi
/Users/hughsignoriello/Developer/ML-based-analysis-of-sound/data/audio/chinese_instruments/dizi/[dizi]5il5NJIc3nk__30.wav,dizi
/Users/hughsignoriello/Developer/ML-based-analysis-of-sound/data/audio/chinese_instruments/dizi/[dizi]lI1L2l6vi-4__49.wav,dizi
/Users/hughsignoriello/Developer/ML-based-analysis-of-sound/data/audio/chinese_instruments/dizi/[dizi]5il5NJIc3nk__24.wav,dizi
/Users/hughsignoriello/Developer/ML-based-analysis-of-sound/data/audio/chinese_instruments/dizi/[dizi]lI1L2l6vi-4__61.wav,dizi
/Users/hughsignoriello/Developer/ML-based-analysis-of-sound/data/audio/chinese_instruments/dizi/[dizi]e6jkWTnFMvI__42.wav,dizi
/Users/hughsignoriello/Developer/ML-based-analysis-of-sound/data/audio/chinese_instruments/dizi/[dizi]e6jkWTnFMvI__56.wav,dizi
/Users/hughsignoriello/Developer/ML-based-analysis-of-sound/data/audio/chinese_instruments/dizi/[dizi]5il5NJIc3nk__18.wav,dizi
/Users/hughsignoriello/Developer/ML-based-analysis-of-sound/data/audio/chinese_instruments/dizi/[dizi]5il5NJIc3nk__20.wav,dizi
/Users/hughsignoriello/Developer/ML-based-analysis-of-sound/data/audio/chinese_instruments/dizi/[dizi]lI1L2l6vi-4__59.wav,dizi
/Users/hughsignoriello/Developer/ML-based-analysis-of-sound/data/audio/chinese_instruments/dizi/[dizi]5il5NJIc3nk__34.wav,dizi
/Users/hughsignoriello/Developer/ML-based-analysis-of-sound/data/audio/chinese_instruments/dizi/[dizi]e6jkWTnFMvI__52.wav,dizi
/Users/hughsignoriello/Developer/ML-based-analysis-of-sound/data/audio/chinese_instruments/dizi/[dizi]e6jkWTnFMvI__46.wav,dizi
/Users/hughsignoriello/Developer/ML-based-analysis-of-sound/data/audio/chinese_instruments/dizi/[dizi]lI1L2l6vi-4__65.wav,dizi
/Users/hughsignoriello/Developer/ML-based-analysis-of-sound/data/audio/chinese_instruments/dizi/[dizi]e6jkWTnFMvI__85.wav,dizi
/Users/hughsignoriello/Developer/ML-based-analysis-of-sound/data/audio/chinese_instruments/dizi/[dizi]e6jkWTnFMvI__6.wav,dizi
/Users/hughsignoriello/Developer/ML-based-analysis-of-sound/data/audio/chinese_instruments/dizi/[dizi]urt0TItvqJk__9.wav,dizi
/Users/hughsignoriello/Developer/ML-based-analysis-of-sound/data/audio/chinese_instruments/dizi/[dizi]Mam92_4_lvA__16.wav,dizi
/Users/hughsignoriello/Developer/ML-based-analysis-of-sound/data/audio/chinese_instruments/dizi/[dizi]WDKd0sQPnqU__18.wav,dizi
/Users/hughsignoriello/Developer/ML-based-analysis-of-sound/data/audio/chinese_instruments/dizi/[dizi]WDKd0sQPnqU__24.wav,dizi
/Users/hughsignoriello/Developer/ML-based-analysis-of-sound/data/audio/chinese_instruments/dizi/[dizi]WDKd0sQPnqU__30.wav,dizi
/Users/hughsignoriello/Developer/ML-based-analysis-of-sound/data/audio/chinese_instruments/dizi/[dizi]PTneEz4a_3c__83.wav,dizi
/Users/hughsignoriello/Developer/ML-based-analysis-of-sound/data/audio/chinese_instruments/dizi/[dizi]PTneEz4a_3c__68.wav,dizi
/Users/hughsignoriello/Developer/ML-based-analysis-of-sound/data/audio/chinese_instruments/dizi/[dizi]H8RY2ZXYD6Y__36.wav,dizi
/Users/hughsignoriello/Developer/ML-based-analysis-of-sound/data/audio/chinese_instruments/dizi/[dizi]PTneEz4a_3c__40.wav,dizi
/Users/hughsignoriello/Developer/ML-based-analysis-of-sound/data/audio/chinese_instruments/dizi/[dizi]PTneEz4a_3c__54.wav,dizi
/Users/hughsignoriello/Developer/ML-based-analysis-of-sound/data/audio/chinese_instruments/dizi/[dizi]H8RY2ZXYD6Y__22.wav,dizi
/Users/hughsignoriello/Developer/ML-based-analysis-of-sound/data/audio/chinese_instruments/dizi/[dizi]H8RY2ZXYD6Y__23.wav,dizi
/Users/hughsignoriello/Developer/ML-based-analysis-of-sound/data/audio/chinese_instruments/dizi/[dizi]PTneEz4a_3c__55.wav,dizi
/Users/hughsignoriello/Developer/ML-based-analysis-of-sound/data/audio/chinese_instruments/dizi/[dizi]PTneEz4a_3c__41.wav,dizi
/Users/hughsignoriello/Developer/ML-based-analysis-of-sound/data/audio/chinese_instruments/dizi/[dizi]H8RY2ZXYD6Y__37.wav,dizi
/Users/hughsignoriello/Developer/ML-based-analysis-of-sound/data/audio/chinese_instruments/dizi/[dizi]PTneEz4a_3c__69.wav,dizi
/Users/hughsignoriello/Developer/ML-based-analysis-of-sound/data/audio/chinese_instruments/dizi/[dizi]WDKd0sQPnqU__1.wav,dizi
/Users/hughsignoriello/Developer/ML-based-analysis-of-sound/data/audio/chinese_instruments/dizi/[dizi]PTneEz4a_3c__82.wav,dizi
/Users/hughsignoriello/Developer/ML-based-analysis-of-sound/data/audio/chinese_instruments/dizi/[dizi]WDKd0sQPnqU__31.wav,dizi
/Users/hughsignoriello/Developer/ML-based-analysis-of-sound/data/audio/chinese_instruments/dizi/[dizi]WDKd0sQPnqU__25.wav,dizi
/Users/hughsignoriello/Developer/ML-based-analysis-of-sound/data/audio/chinese_instruments/dizi/[dizi]WDKd0sQPnqU__19.wav,dizi
/Users/hughsignoriello/Developer/ML-based-analysis-of-sound/data/audio/chinese_instruments/dizi/[dizi]Mam92_4_lvA__17.wav,dizi
/Users/hughsignoriello/Developer/ML-based-analysis-of-sound/data/audio/chinese_instruments/dizi/[dizi]e6jkWTnFMvI__7.wav,dizi
/Users/hughsignoriello/Developer/ML-based-analysis-of-sound/data/audio/chinese_instruments/dizi/[dizi]urt0TItvqJk__8.wav,dizi
/Users/hughsignoriello/Developer/ML-based-analysis-of-sound/data/audio/chinese_instruments/dizi/[dizi]e6jkWTnFMvI__84.wav,dizi
/Users/hughsignoriello/Developer/ML-based-analysis-of-sound/data/audio/chinese_instruments/dizi/[dizi]lI1L2l6vi-4__64.wav,dizi
/Users/hughsignoriello/Developer/ML-based-analysis-of-sound/data/audio/chinese_instruments/dizi/[dizi]e6jkWTnFMvI__47.wav,dizi
/Users/hughsignoriello/Developer/ML-based-analysis-of-sound/data/audio/chinese_instruments/dizi/[dizi]e6jkWTnFMvI__53.wav,dizi
/Users/hughsignoriello/Developer/ML-based-analysis-of-sound/data/audio/chinese_instruments/dizi/[dizi]lI1L2l6vi-4__58.wav,dizi
/Users/hughsignoriello/Developer/ML-based-analysis-of-sound/data/audio/chinese_instruments/dizi/[dizi]5il5NJIc3nk__35.wav,dizi
/Users/hughsignoriello/Developer/ML-based-analysis-of-sound/data/audio/chinese_instruments/dizi/[dizi]5il5NJIc3nk__21.wav,dizi
/Users/hughsignoriello/Developer/ML-based-analysis-of-sound/data/audio/chinese_instruments/dizi/[dizi]-FoAZbf7ha0__61.wav,dizi
/Users/hughsignoriello/Developer/ML-based-analysis-of-sound/data/audio/chinese_instruments/dizi/[dizi]5il5NJIc3nk__37.wav,dizi
/Users/hughsignoriello/Developer/ML-based-analysis-of-sound/data/audio/chinese_instruments/dizi/[dizi]e6jkWTnFMvI__79.wav,dizi
/Users/hughsignoriello/Developer/ML-based-analysis-of-sound/data/audio/chinese_instruments/dizi/[dizi]5il5NJIc3nk__23.wav,dizi
/Users/hughsignoriello/Developer/ML-based-analysis-of-sound/data/audio/chinese_instruments/dizi/[dizi]e6jkWTnFMvI__45.wav,dizi
/Users/hughsignoriello/Developer/ML-based-analysis-of-sound/data/audio/chinese_instruments/dizi/[dizi]lI1L2l6vi-4__66.wav,dizi
/Users/hughsignoriello/Developer/ML-based-analysis-of-sound/data/audio/chinese_instruments/dizi/[dizi]e6jkWTnFMvI__51.wav,dizi
/Users/hughsignoriello/Developer/ML-based-analysis-of-sound/data/audio/chinese_instruments/dizi/[dizi]-FoAZbf7ha0__49.wav,dizi
/Users/hughsignoriello/Developer/ML-based-analysis-of-sound/data/audio/chinese_instruments/dizi/[dizi]e6jkWTnFMvI__86.wav,dizi
/Users/hughsignoriello/Developer/ML-based-analysis-of-sound/data/audio/chinese_instruments/dizi/[dizi]e6jkWTnFMvI__5.wav,dizi
/Users/hughsignoriello/Developer/ML-based-analysis-of-sound/data/audio/chinese_instruments/dizi/[dizi]Mam92_4_lvA__15.wav,dizi
/Users/hughsignoriello/Developer/ML-based-analysis-of-sound/data/audio/chinese_instruments/dizi/[dizi]Mam92_4_lvA__29.wav,dizi
/Users/hughsignoriello/Developer/ML-based-analysis-of-sound/data/audio/chinese_instruments/dizi/[dizi]WDKd0sQPnqU__33.wav,dizi
/Users/hughsignoriello/Developer/ML-based-analysis-of-sound/data/audio/chinese_instruments/dizi/[dizi]WDKd0sQPnqU__27.wav,dizi
/Users/hughsignoriello/Developer/ML-based-analysis-of-sound/data/audio/chinese_instruments/dizi/[dizi]WDKd0sQPnqU__3.wav,dizi
/Users/hughsignoriello/Developer/ML-based-analysis-of-sound/data/audio/chinese_instruments/dizi/[dizi]PTneEz4a_3c__94.wav,dizi
/Users/hughsignoriello/Developer/ML-based-analysis-of-sound/data/audio/chinese_instruments/dizi/[dizi]PTneEz4a_3c__80.wav,dizi
/Users/hughsignoriello/Developer/ML-based-analysis-of-sound/data/audio/chinese_instruments/dizi/[dizi]PTneEz4a_3c__57.wav,dizi
/Users/hughsignoriello/Developer/ML-based-analysis-of-sound/data/audio/chinese_instruments/dizi/[dizi]H8RY2ZXYD6Y__21.wav,dizi
/Users/hughsignoriello/Developer/ML-based-analysis-of-sound/data/audio/chinese_instruments/dizi/[dizi]H8RY2ZXYD6Y__35.wav,dizi
/Users/hughsignoriello/Developer/ML-based-analysis-of-sound/data/audio/chinese_instruments/dizi/[dizi]PTneEz4a_3c__43.wav,dizi
/Users/hughsignoriello/Developer/ML-based-analysis-of-sound/data/audio/chinese_instruments/dizi/[dizi]PTneEz4a_3c__42.wav,dizi
/Users/hughsignoriello/Developer/ML-based-analysis-of-sound/data/audio/chinese_instruments/dizi/[dizi]H8RY2ZXYD6Y__34.wav,dizi
/Users/hughsignoriello/Developer/ML-based-analysis-of-sound/data/audio/chinese_instruments/dizi/[dizi]H8RY2ZXYD6Y__20.wav,dizi
/Users/hughsignoriello/Developer/ML-based-analysis-of-sound/data/audio/chinese_instruments/dizi/[dizi]PTneEz4a_3c__56.wav,dizi
/Users/hughsignoriello/Developer/ML-based-analysis-of-sound/data/audio/chinese_instruments/dizi/[dizi]PTneEz4a_3c__81.wav,dizi
/Users/hughsignoriello/Developer/ML-based-analysis-of-sound/data/audio/chinese_instruments/dizi/[dizi]WDKd0sQPnqU__2.wav,dizi
/Users/hughsignoriello/Developer/ML-based-analysis-of-sound/data/audio/chinese_instruments/dizi/[dizi]WDKd0sQPnqU__26.wav,dizi
/Users/hughsignoriello/Developer/ML-based-analysis-of-sound/data/audio/chinese_instruments/dizi/[dizi]WDKd0sQPnqU__32.wav,dizi
/Users/hughsignoriello/Developer/ML-based-analysis-of-sound/data/audio/chinese_instruments/dizi/[dizi]Mam92_4_lvA__28.wav,dizi
/Users/hughsignoriello/Developer/ML-based-analysis-of-sound/data/audio/chinese_instruments/dizi/[dizi]Mam92_4_lvA__14.wav,dizi
/Users/hughsignoriello/Developer/ML-based-analysis-of-sound/data/audio/chinese_instruments/dizi/[dizi]e6jkWTnFMvI__4.wav,dizi
/Users/hughsignoriello/Developer/ML-based-analysis-of-sound/data/audio/chinese_instruments/dizi/[dizi]e6jkWTnFMvI__87.wav,dizi
/Users/hughsignoriello/Developer/ML-based-analysis-of-sound/data/audio/chinese_instruments/dizi/[dizi]e6jkWTnFMvI__50.wav,dizi
/Users/hughsignoriello/Developer/ML-based-analysis-of-sound/data/audio/chinese_instruments/dizi/[dizi]-FoAZbf7ha0__48.wav,dizi
/Users/hughsignoriello/Developer/ML-based-analysis-of-sound/data/audio/chinese_instruments/dizi/[dizi]lI1L2l6vi-4__67.wav,dizi
/Users/hughsignoriello/Developer/ML-based-analysis-of-sound/data/audio/chinese_instruments/dizi/[dizi]e6jkWTnFMvI__44.wav,dizi
/Users/hughsignoriello/Developer/ML-based-analysis-of-sound/data/audio/chinese_instruments/dizi/[dizi]5il5NJIc3nk__22.wav,dizi
/Users/hughsignoriello/Developer/ML-based-analysis-of-sound/data/audio/chinese_instruments/dizi/[dizi]5il5NJIc3nk__36.wav,dizi
/Users/hughsignoriello/Developer/ML-based-analysis-of-sound/data/audio/chinese_instruments/dizi/[dizi]-FoAZbf7ha0__60.wav,dizi
/Users/hughsignoriello/Developer/ML-based-analysis-of-sound/data/audio/chinese_instruments/dizi/[dizi]e6jkWTnFMvI__78.wav,dizi
/Users/hughsignoriello/Developer/ML-based-analysis-of-sound/data/audio/chinese_instruments/dizi/[dizi]lI1L2l6vi-4__42.wav,dizi
/Users/hughsignoriello/Developer/ML-based-analysis-of-sound/data/audio/chinese_instruments/dizi/[dizi]e6jkWTnFMvI__61.wav,dizi
/Users/hughsignoriello/Developer/ML-based-analysis-of-sound/data/audio/chinese_instruments/dizi/[dizi]e6jkWTnFMvI__75.wav,dizi
/Users/hughsignoriello/Developer/ML-based-analysis-of-sound/data/audio/chinese_instruments/dizi/[dizi]lI1L2l6vi-4__56.wav,dizi
/Users/hughsignoriello/Developer/ML-based-analysis-of-sound/data/audio/chinese_instruments/dizi/[dizi]5il5NJIc3nk__13.wav,dizi
/Users/hughsignoriello/Developer/ML-based-analysis-of-sound/data/audio/chinese_instruments/dizi/[dizi]-FoAZbf7ha0__45.wav,dizi
/Users/hughsignoriello/Developer/ML-based-analysis-of-sound/data/audio/chinese_instruments/dizi/[dizi]-FoAZbf7ha0__51.wav,dizi
/Users/hughsignoriello/Developer/ML-based-analysis-of-sound/data/audio/chinese_instruments/dizi/[dizi]e6jkWTnFMvI__49.wav,dizi
/Users/hughsignoriello/Developer/ML-based-analysis-of-sound/data/audio/chinese_instruments/dizi/[dizi]urt0TItvqJk__6.wav,dizi
/Users/hughsignoriello/Developer/ML-based-analysis-of-sound/data/audio/chinese_instruments/dizi/[dizi]e6jkWTnFMvI__9.wav,dizi
/Users/hughsignoriello/Developer/ML-based-analysis-of-sound/data/audio/chinese_instruments/dizi/[dizi]Mam92_4_lvA__19.wav,dizi
/Users/hughsignoriello/Developer/ML-based-analysis-of-sound/data/audio/chinese_instruments/dizi/[dizi]Mam92_4_lvA__25.wav,dizi
/Users/hughsignoriello/Developer/ML-based-analysis-of-sound/data/audio/chinese_instruments/dizi/[dizi]H8RY2ZXYD6Y__3.wav,dizi
/Users/hughsignoriello/Developer/ML-based-analysis-of-sound/data/audio/chinese_instruments/dizi/[dizi]Mam92_4_lvA__31.wav,dizi
/Users/hughsignoriello/Developer/ML-based-analysis-of-sound/data/audio/chinese_instruments/dizi/[dizi]WDKd0sQPnqU__17.wav,dizi
/Users/hughsignoriello/Developer/ML-based-analysis-of-sound/data/audio/chinese_instruments/dizi/[dizi]PTneEz4a_3c__73.wav,dizi
/Users/hughsignoriello/Developer/ML-based-analysis-of-sound/data/audio/chinese_instruments/dizi/[dizi]PTneEz4a_3c__67.wav,dizi
/Users/hughsignoriello/Developer/ML-based-analysis-of-sound/data/audio/chinese_instruments/dizi/[dizi]H8RY2ZXYD6Y__11.wav,dizi
/Users/hughsignoriello/Developer/ML-based-analysis-of-sound/data/audio/chinese_instruments/dizi/[dizi]H8RY2ZXYD6Y__39.wav,dizi
/Users/hughsignoriello/Developer/ML-based-analysis-of-sound/data/audio/chinese_instruments/dizi/[dizi]H8RY2ZXYD6Y__38.wav,dizi
/Users/hughsignoriello/Developer/ML-based-analysis-of-sound/data/audio/chinese_instruments/dizi/[dizi]H8RY2ZXYD6Y__10.wav,dizi
/Users/hughsignoriello/Developer/ML-based-analysis-of-sound/data/audio/chinese_instruments/dizi/[dizi]PTneEz4a_3c__66.wav,dizi
/Users/hughsignoriello/Developer/ML-based-analysis-of-sound/data/audio/chinese_instruments/dizi/[dizi]PTneEz4a_3c__72.wav,dizi
/Users/hughsignoriello/Developer/ML-based-analysis-of-sound/data/audio/chinese_instruments/dizi/[dizi]WDKd0sQPnqU__16.wav,dizi
/Users/hughsignoriello/Developer/ML-based-analysis-of-sound/data/audio/chinese_instruments/dizi/[dizi]Mam92_4_lvA__30.wav,dizi
/Users/hughsignoriello/Developer/ML-based-analysis-of-sound/data/audio/chinese_instruments/dizi/[dizi]Mam92_4_lvA__24.wav,dizi
/Users/hughsignoriello/Developer/ML-based-analysis-of-sound/data/audio/chinese_instruments/dizi/[dizi]H8RY2ZXYD6Y__2.wav,dizi
/Users/hughsignoriello/Developer/ML-based-analysis-of-sound/data/audio/chinese_instruments/dizi/[dizi]Mam92_4_lvA__18.wav,dizi
/Users/hughsignoriello/Developer/ML-based-analysis-of-sound/data/audio/chinese_instruments/dizi/[dizi]urt0TItvqJk__7.wav,dizi
/Users/hughsignoriello/Developer/ML-based-analysis-of-sound/data/audio/chinese_instruments/dizi/[dizi]e6jkWTnFMvI__8.wav,dizi
/Users/hughsignoriello/Developer/ML-based-analysis-of-sound/data/audio/chinese_instruments/dizi/[dizi]-FoAZbf7ha0__50.wav,dizi
/Users/hughsignoriello/Developer/ML-based-analysis-of-sound/data/audio/chinese_instruments/dizi/[dizi]e6jkWTnFMvI__48.wav,dizi
/Users/hughsignoriello/Developer/ML-based-analysis-of-sound/data/audio/chinese_instruments/dizi/[dizi]-FoAZbf7ha0__44.wav,dizi
/Users/hughsignoriello/Developer/ML-based-analysis-of-sound/data/audio/chinese_instruments/dizi/[dizi]5il5NJIc3nk__12.wav,dizi
/Users/hughsignoriello/Developer/ML-based-analysis-of-sound/data/audio/chinese_instruments/dizi/[dizi]lI1L2l6vi-4__57.wav,dizi
/Users/hughsignoriello/Developer/ML-based-analysis-of-sound/data/audio/chinese_instruments/dizi/[dizi]e6jkWTnFMvI__74.wav,dizi
/Users/hughsignoriello/Developer/ML-based-analysis-of-sound/data/audio/chinese_instruments/dizi/[dizi]e6jkWTnFMvI__60.wav,dizi
/Users/hughsignoriello/Developer/ML-based-analysis-of-sound/data/audio/chinese_instruments/dizi/[dizi]lI1L2l6vi-4__43.wav,dizi
/Users/hughsignoriello/Developer/ML-based-analysis-of-sound/data/audio/chinese_instruments/dizi/[dizi]e6jkWTnFMvI__76.wav,dizi
/Users/hughsignoriello/Developer/ML-based-analysis-of-sound/data/audio/chinese_instruments/dizi/[dizi]lI1L2l6vi-4__55.wav,dizi
/Users/hughsignoriello/Developer/ML-based-analysis-of-sound/data/audio/chinese_instruments/dizi/[dizi]5il5NJIc3nk__38.wav,dizi
/Users/hughsignoriello/Developer/ML-based-analysis-of-sound/data/audio/chinese_instruments/dizi/[dizi]lI1L2l6vi-4__41.wav,dizi
/Users/hughsignoriello/Developer/ML-based-analysis-of-sound/data/audio/chinese_instruments/dizi/[dizi]e6jkWTnFMvI__62.wav,dizi
/Users/hughsignoriello/Developer/ML-based-analysis-of-sound/data/audio/chinese_instruments/dizi/[dizi]lI1L2l6vi-4__69.wav,dizi
/Users/hughsignoriello/Developer/ML-based-analysis-of-sound/data/audio/chinese_instruments/dizi/[dizi]-FoAZbf7ha0__52.wav,dizi
/Users/hughsignoriello/Developer/ML-based-analysis-of-sound/data/audio/chinese_instruments/dizi/[dizi]5il5NJIc3nk__10.wav,dizi
/Users/hughsignoriello/Developer/ML-based-analysis-of-sound/data/audio/chinese_instruments/dizi/[dizi]-FoAZbf7ha0__46.wav,dizi
/Users/hughsignoriello/Developer/ML-based-analysis-of-sound/data/audio/chinese_instruments/dizi/[dizi]e6jkWTnFMvI__89.wav,dizi
/Users/hughsignoriello/Developer/ML-based-analysis-of-sound/data/audio/chinese_instruments/dizi/[dizi]urt0TItvqJk__5.wav,dizi
/Users/hughsignoriello/Developer/ML-based-analysis-of-sound/data/audio/chinese_instruments/dizi/[dizi]Mam92_4_lvA__32.wav,dizi
/Users/hughsignoriello/Developer/ML-based-analysis-of-sound/data/audio/chinese_instruments/dizi/[dizi]Mam92_4_lvA__26.wav,dizi
/Users/hughsignoriello/Developer/ML-based-analysis-of-sound/data/audio/chinese_instruments/dizi/[dizi]WDKd0sQPnqU__14.wav,dizi
/Users/hughsignoriello/Developer/ML-based-analysis-of-sound/data/audio/chinese_instruments/dizi/[dizi]WDKd0sQPnqU__28.wav,dizi
/Users/hughsignoriello/Developer/ML-based-analysis-of-sound/data/audio/chinese_instruments/dizi/[dizi]PTneEz4a_3c__64.wav,dizi
/Users/hughsignoriello/Developer/ML-based-analysis-of-sound/data/audio/chinese_instruments/dizi/[dizi]H8RY2ZXYD6Y__12.wav,dizi
/Users/hughsignoriello/Developer/ML-based-analysis-of-sound/data/audio/chinese_instruments/dizi/[dizi]PTneEz4a_3c__70.wav,dizi
/Users/hughsignoriello/Developer/ML-based-analysis-of-sound/data/audio/chinese_instruments/dizi/[dizi]PTneEz4a_3c__58.wav,dizi
/Users/hughsignoriello/Developer/ML-based-analysis-of-sound/data/audio/chinese_instruments/dizi/[dizi]PTneEz4a_3c__59.wav,dizi
/Users/hughsignoriello/Developer/ML-based-analysis-of-sound/data/audio/chinese_instruments/dizi/[dizi]PTneEz4a_3c__71.wav,dizi
/Users/hughsignoriello/Developer/ML-based-analysis-of-sound/data/audio/chinese_instruments/dizi/[dizi]H8RY2ZXYD6Y__13.wav,dizi
/Users/hughsignoriello/Developer/ML-based-analysis-of-sound/data/audio/chinese_instruments/dizi/[dizi]PTneEz4a_3c__65.wav,dizi
/Users/hughsignoriello/Developer/ML-based-analysis-of-sound/data/audio/chinese_instruments/dizi/[dizi]WDKd0sQPnqU__29.wav,dizi
/Users/hughsignoriello/Developer/ML-based-analysis-of-sound/data/audio/chinese_instruments/dizi/[dizi]WDKd0sQPnqU__15.wav,dizi
/Users/hughsignoriello/Developer/ML-based-analysis-of-sound/data/audio/chinese_instruments/dizi/[dizi]H8RY2ZXYD6Y__1.wav,dizi
/Users/hughsignoriello/Developer/ML-based-analysis-of-sound/data/audio/chinese_instruments/dizi/[dizi]Mam92_4_lvA__27.wav,dizi
/Users/hughsignoriello/Developer/ML-based-analysis-of-sound/data/audio/chinese_instruments/dizi/[dizi]Mam92_4_lvA__33.wav,dizi
/Users/hughsignoriello/Developer/ML-based-analysis-of-sound/data/audio/chinese_instruments/dizi/[dizi]urt0TItvqJk__4.wav,dizi
/Users/hughsignoriello/Developer/ML-based-analysis-of-sound/data/audio/chinese_instruments/dizi/[dizi]e6jkWTnFMvI__88.wav,dizi
/Users/hughsignoriello/Developer/ML-based-analysis-of-sound/data/audio/chinese_instruments/dizi/[dizi]-FoAZbf7ha0__47.wav,dizi
/Users/hughsignoriello/Developer/ML-based-analysis-of-sound/data/audio/chinese_instruments/dizi/[dizi]5il5NJIc3nk__11.wav,dizi
/Users/hughsignoriello/Developer/ML-based-analysis-of-sound/data/audio/chinese_instruments/dizi/[dizi]lI1L2l6vi-4__68.wav,dizi
/Users/hughsignoriello/Developer/ML-based-analysis-of-sound/data/audio/chinese_instruments/dizi/[dizi]-FoAZbf7ha0__53.wav,dizi
/Users/hughsignoriello/Developer/ML-based-analysis-of-sound/data/audio/chinese_instruments/dizi/[dizi]e6jkWTnFMvI__63.wav,dizi
/Users/hughsignoriello/Developer/ML-based-analysis-of-sound/data/audio/chinese_instruments/dizi/[dizi]lI1L2l6vi-4__40.wav,dizi
/Users/hughsignoriello/Developer/ML-based-analysis-of-sound/data/audio/chinese_instruments/dizi/[dizi]lI1L2l6vi-4__54.wav,dizi
/Users/hughsignoriello/Developer/ML-based-analysis-of-sound/data/audio/chinese_instruments/dizi/[dizi]e6jkWTnFMvI__77.wav,dizi
/Users/hughsignoriello/Developer/ML-based-analysis-of-sound/data/audio/chinese_instruments/dizi/[dizi]5il5NJIc3nk__39.wav,dizi
/Users/hughsignoriello/Developer/ML-based-analysis-of-sound/data/audio/chinese_instruments/dizi/[dizi]-FoAZbf7ha0__57.wav,dizi
/Users/hughsignoriello/Developer/ML-based-analysis-of-sound/data/audio/chinese_instruments/dizi/[dizi]5il5NJIc3nk__15.wav,dizi
/Users/hughsignoriello/Developer/ML-based-analysis-of-sound/data/audio/chinese_instruments/dizi/[dizi]-FoAZbf7ha0__43.wav,dizi
/Users/hughsignoriello/Developer/ML-based-analysis-of-sound/data/audio/chinese_instruments/dizi/[dizi]e6jkWTnFMvI__73.wav,dizi
/Users/hughsignoriello/Developer/ML-based-analysis-of-sound/data/audio/chinese_instruments/dizi/[dizi]lI1L2l6vi-4__50.wav,dizi
/Users/hughsignoriello/Developer/ML-based-analysis-of-sound/data/audio/chinese_instruments/dizi/[dizi]lI1L2l6vi-4__44.wav,dizi
/Users/hughsignoriello/Developer/ML-based-analysis-of-sound/data/audio/chinese_instruments/dizi/[dizi]e6jkWTnFMvI__67.wav,dizi
/Users/hughsignoriello/Developer/ML-based-analysis-of-sound/data/audio/chinese_instruments/dizi/[dizi]5il5NJIc3nk__29.wav,dizi
/Users/hughsignoriello/Developer/ML-based-analysis-of-sound/data/audio/chinese_instruments/dizi/[dizi]Mam92_4_lvA__37.wav,dizi
/Users/hughsignoriello/Developer/ML-based-analysis-of-sound/data/audio/chinese_instruments/dizi/[dizi]Mam92_4_lvA__23.wav,dizi
/Users/hughsignoriello/Developer/ML-based-analysis-of-sound/data/audio/chinese_instruments/dizi/[dizi]H8RY2ZXYD6Y__5.wav,dizi
/Users/hughsignoriello/Developer/ML-based-analysis-of-sound/data/audio/chinese_instruments/dizi/[dizi]WDKd0sQPnqU__39.wav,dizi
/Users/hughsignoriello/Developer/ML-based-analysis-of-sound/data/audio/chinese_instruments/dizi/[dizi]WDKd0sQPnqU__11.wav,dizi
/Users/hughsignoriello/Developer/ML-based-analysis-of-sound/data/audio/chinese_instruments/dizi/[dizi]WDKd0sQPnqU__9.wav,dizi
/Users/hughsignoriello/Developer/ML-based-analysis-of-sound/data/audio/chinese_instruments/dizi/[dizi]PTneEz4a_3c__49.wav,dizi
/Users/hughsignoriello/Developer/ML-based-analysis-of-sound/data/audio/chinese_instruments/dizi/[dizi]PTneEz4a_3c__61.wav,dizi
/Users/hughsignoriello/Developer/ML-based-analysis-of-sound/data/audio/chinese_instruments/dizi/[dizi]H8RY2ZXYD6Y__17.wav,dizi
/Users/hughsignoriello/Developer/ML-based-analysis-of-sound/data/audio/chinese_instruments/dizi/[dizi]PTneEz4a_3c__75.wav,dizi
/Users/hughsignoriello/Developer/ML-based-analysis-of-sound/data/audio/chinese_instruments/dizi/[dizi]PTneEz4a_3c__74.wav,dizi
/Users/hughsignoriello/Developer/ML-based-analysis-of-sound/data/audio/chinese_instruments/dizi/[dizi]H8RY2ZXYD6Y__16.wav,dizi
/Users/hughsignoriello/Developer/ML-based-analysis-of-sound/data/audio/chinese_instruments/dizi/[dizi]PTneEz4a_3c__60.wav,dizi
/Users/hughsignoriello/Developer/ML-based-analysis-of-sound/data/audio/chinese_instruments/dizi/[dizi]PTneEz4a_3c__48.wav,dizi
/Users/hughsignoriello/Developer/ML-based-analysis-of-sound/data/audio/chinese_instruments/dizi/[dizi]WDKd0sQPnqU__8.wav,dizi
/Users/hughsignoriello/Developer/ML-based-analysis-of-sound/data/audio/chinese_instruments/dizi/[dizi]WDKd0sQPnqU__10.wav,dizi
/Users/hughsignoriello/Developer/ML-based-analysis-of-sound/data/audio/chinese_instruments/dizi/[dizi]WDKd0sQPnqU__38.wav,dizi
/Users/hughsignoriello/Developer/ML-based-analysis-of-sound/data/audio/chinese_instruments/dizi/[dizi]Mam92_4_lvA__22.wav,dizi
/Users/hughsignoriello/Developer/ML-based-analysis-of-sound/data/audio/chinese_instruments/dizi/[dizi]H8RY2ZXYD6Y__4.wav,dizi
/Users/hughsignoriello/Developer/ML-based-analysis-of-sound/data/audio/chinese_instruments/dizi/[dizi]Mam92_4_lvA__36.wav,dizi
/Users/hughsignoriello/Developer/ML-based-analysis-of-sound/data/audio/chinese_instruments/dizi/[dizi]urt0TItvqJk__1.wav,dizi
/Users/hughsignoriello/Developer/ML-based-analysis-of-sound/data/audio/chinese_instruments/dizi/[dizi]e6jkWTnFMvI__66.wav,dizi
/Users/hughsignoriello/Developer/ML-based-analysis-of-sound/data/audio/chinese_instruments/dizi/[dizi]lI1L2l6vi-4__45.wav,dizi
/Users/hughsignoriello/Developer/ML-based-analysis-of-sound/data/audio/chinese_instruments/dizi/[dizi]5il5NJIc3nk__28.wav,dizi
/Users/hughsignoriello/Developer/ML-based-analysis-of-sound/data/audio/chinese_instruments/dizi/[dizi]lI1L2l6vi-4__51.wav,dizi
/Users/hughsignoriello/Developer/ML-based-analysis-of-sound/data/audio/chinese_instruments/dizi/[dizi]e6jkWTnFMvI__72.wav,dizi
/Users/hughsignoriello/Developer/ML-based-analysis-of-sound/data/audio/chinese_instruments/dizi/[dizi]-FoAZbf7ha0__42.wav,dizi
/Users/hughsignoriello/Developer/ML-based-analysis-of-sound/data/audio/chinese_instruments/dizi/[dizi]5il5NJIc3nk__14.wav,dizi
/Users/hughsignoriello/Developer/ML-based-analysis-of-sound/data/audio/chinese_instruments/dizi/[dizi]-FoAZbf7ha0__56.wav,dizi
/Users/hughsignoriello/Developer/ML-based-analysis-of-sound/data/audio/chinese_instruments/dizi/[dizi]5il5NJIc3nk__16.wav,dizi
/Users/hughsignoriello/Developer/ML-based-analysis-of-sound/data/audio/chinese_instruments/dizi/[dizi]-FoAZbf7ha0__40.wav,dizi
/Users/hughsignoriello/Developer/ML-based-analysis-of-sound/data/audio/chinese_instruments/dizi/[dizi]e6jkWTnFMvI__58.wav,dizi
/Users/hughsignoriello/Developer/ML-based-analysis-of-sound/data/audio/chinese_instruments/dizi/[dizi]-FoAZbf7ha0__54.wav,dizi
/Users/hughsignoriello/Developer/ML-based-analysis-of-sound/data/audio/chinese_instruments/dizi/[dizi]lI1L2l6vi-4__47.wav,dizi
/Users/hughsignoriello/Developer/ML-based-analysis-of-sound/data/audio/chinese_instruments/dizi/[dizi]e6jkWTnFMvI__64.wav,dizi
/Users/hughsignoriello/Developer/ML-based-analysis-of-sound/data/audio/chinese_instruments/dizi/[dizi]e6jkWTnFMvI__70.wav,dizi
/Users/hughsignoriello/Developer/ML-based-analysis-of-sound/data/audio/chinese_instruments/dizi/[dizi]lI1L2l6vi-4__53.wav,dizi
/Users/hughsignoriello/Developer/ML-based-analysis-of-sound/data/audio/chinese_instruments/dizi/[dizi]urt0TItvqJk__3.wav,dizi
/Users/hughsignoriello/Developer/ML-based-analysis-of-sound/data/audio/chinese_instruments/dizi/[dizi]H8RY2ZXYD6Y__6.wav,dizi
/Users/hughsignoriello/Developer/ML-based-analysis-of-sound/data/audio/chinese_instruments/dizi/[dizi]Mam92_4_lvA__20.wav,dizi
/Users/hughsignoriello/Developer/ML-based-analysis-of-sound/data/audio/chinese_instruments/dizi/[dizi]Mam92_4_lvA__34.wav,dizi
/Users/hughsignoriello/Developer/ML-based-analysis-of-sound/data/audio/chinese_instruments/dizi/[dizi]WDKd0sQPnqU__12.wav,dizi
/Users/hughsignoriello/Developer/ML-based-analysis-of-sound/data/audio/chinese_instruments/dizi/[dizi]PTneEz4a_3c__89.wav,dizi
/Users/hughsignoriello/Developer/ML-based-analysis-of-sound/data/audio/chinese_instruments/dizi/[dizi]H8RY2ZXYD6Y__28.wav,dizi
/Users/hughsignoriello/Developer/ML-based-analysis-of-sound/data/audio/chinese_instruments/dizi/[dizi]PTneEz4a_3c__76.wav,dizi
/Users/hughsignoriello/Developer/ML-based-analysis-of-sound/data/audio/chinese_instruments/dizi/[dizi]PTneEz4a_3c__62.wav,dizi
/Users/hughsignoriello/Developer/ML-based-analysis-of-sound/data/audio/chinese_instruments/dizi/[dizi]H8RY2ZXYD6Y__14.wav,dizi
/Users/hughsignoriello/Developer/ML-based-analysis-of-sound/data/audio/chinese_instruments/dizi/[dizi]H8RY2ZXYD6Y__15.wav,dizi
/Users/hughsignoriello/Developer/ML-based-analysis-of-sound/data/audio/chinese_instruments/dizi/[dizi]PTneEz4a_3c__63.wav,dizi
/Users/hughsignoriello/Developer/ML-based-analysis-of-sound/data/audio/chinese_instruments/dizi/[dizi]PTneEz4a_3c__77.wav,dizi
/Users/hughsignoriello/Developer/ML-based-analysis-of-sound/data/audio/chinese_instruments/dizi/[dizi]H8RY2ZXYD6Y__29.wav,dizi
/Users/hughsignoriello/Developer/ML-based-analysis-of-sound/data/audio/chinese_instruments/dizi/[dizi]PTneEz4a_3c__88.wav,dizi
/Users/hughsignoriello/Developer/ML-based-analysis-of-sound/data/audio/chinese_instruments/dizi/[dizi]WDKd0sQPnqU__13.wav,dizi
/Users/hughsignoriello/Developer/ML-based-analysis-of-sound/data/audio/chinese_instruments/dizi/[dizi]Mam92_4_lvA__35.wav,dizi
/Users/hughsignoriello/Developer/ML-based-analysis-of-sound/data/audio/chinese_instruments/dizi/[dizi]H8RY2ZXYD6Y__7.wav,dizi
/Users/hughsignoriello/Developer/ML-based-analysis-of-sound/data/audio/chinese_instruments/dizi/[dizi]Mam92_4_lvA__21.wav,dizi
/Users/hughsignoriello/Developer/ML-based-analysis-of-sound/data/audio/chinese_instruments/dizi/[dizi]urt0TItvqJk__2.wav,dizi
/Users/hughsignoriello/Developer/ML-based-analysis-of-sound/data/audio/chinese_instruments/dizi/[dizi]lI1L2l6vi-4__52.wav,dizi
/Users/hughsignoriello/Developer/ML-based-analysis-of-sound/data/audio/chinese_instruments/dizi/[dizi]e6jkWTnFMvI__71.wav,dizi
/Users/hughsignoriello/Developer/ML-based-analysis-of-sound/data/audio/chinese_instruments/dizi/[dizi]e6jkWTnFMvI__65.wav,dizi
/Users/hughsignoriello/Developer/ML-based-analysis-of-sound/data/audio/chinese_instruments/dizi/[dizi]lI1L2l6vi-4__46.wav,dizi
/Users/hughsignoriello/Developer/ML-based-analysis-of-sound/data/audio/chinese_instruments/dizi/[dizi]-FoAZbf7ha0__55.wav,dizi
/Users/hughsignoriello/Developer/ML-based-analysis-of-sound/data/audio/chinese_instruments/dizi/[dizi]-FoAZbf7ha0__41.wav,dizi
/Users/hughsignoriello/Developer/ML-based-analysis-of-sound/data/audio/chinese_instruments/dizi/[dizi]5il5NJIc3nk__17.wav,dizi
/Users/hughsignoriello/Developer/ML-based-analysis-of-sound/data/audio/chinese_instruments/dizi/[dizi]e6jkWTnFMvI__59.wav,dizi
/Users/hughsignoriello/Developer/ML-based-analysis-of-sound/data/audio/chinese_instruments/dizi/[dizi]lI1L2l6vi-4__21.wav,dizi
/Users/hughsignoriello/Developer/ML-based-analysis-of-sound/data/audio/chinese_instruments/dizi/[dizi]lI1L2l6vi-4__35.wav,dizi
/Users/hughsignoriello/Developer/ML-based-analysis-of-sound/data/audio/chinese_instruments/dizi/[dizi]e6jkWTnFMvI__16.wav,dizi
/Users/hughsignoriello/Developer/ML-based-analysis-of-sound/data/audio/chinese_instruments/dizi/[dizi]5il5NJIc3nk__58.wav,dizi
/Users/hughsignoriello/Developer/ML-based-analysis-of-sound/data/audio/chinese_instruments/dizi/[dizi]-FoAZbf7ha0__26.wav,dizi
/Users/hughsignoriello/Developer/ML-based-analysis-of-sound/data/audio/chinese_instruments/dizi/[dizi]5il5NJIc3nk__70.wav,dizi
/Users/hughsignoriello/Developer/ML-based-analysis-of-sound/data/audio/chinese_instruments/dizi/[dizi]5il5NJIc3nk__64.wav,dizi
/Users/hughsignoriello/Developer/ML-based-analysis-of-sound/data/audio/chinese_instruments/dizi/[dizi]-FoAZbf7ha0__32.wav,dizi
/Users/hughsignoriello/Developer/ML-based-analysis-of-sound/data/audio/chinese_instruments/dizi/[dizi]Mam92_4_lvA__46.wav,dizi
/Users/hughsignoriello/Developer/ML-based-analysis-of-sound/data/audio/chinese_instruments/dizi/[dizi]Mam92_4_lvA__52.wav,dizi
/Users/hughsignoriello/Developer/ML-based-analysis-of-sound/data/audio/chinese_instruments/dizi/[dizi]-FoAZbf7ha0__4.wav,dizi
/Users/hughsignoriello/Developer/ML-based-analysis-of-sound/data/audio/chinese_instruments/dizi/[dizi]lI1L2l6vi-4__9.wav,dizi
/Users/hughsignoriello/Developer/ML-based-analysis-of-sound/data/audio/chinese_instruments/dizi/[dizi]WDKd0sQPnqU__74.wav,dizi
/Users/hughsignoriello/Developer/ML-based-analysis-of-sound/data/audio/chinese_instruments/dizi/[dizi]WDKd0sQPnqU__60.wav,dizi
/Users/hughsignoriello/Developer/ML-based-analysis-of-sound/data/audio/chinese_instruments/dizi/[dizi]WDKd0sQPnqU__48.wav,dizi
/Users/hughsignoriello/Developer/ML-based-analysis-of-sound/data/audio/chinese_instruments/dizi/[dizi]PTneEz4a_3c__4.wav,dizi
/Users/hughsignoriello/Developer/ML-based-analysis-of-sound/data/audio/chinese_instruments/dizi/[dizi]PTneEz4a_3c__10.wav,dizi
/Users/hughsignoriello/Developer/ML-based-analysis-of-sound/data/audio/chinese_instruments/dizi/[dizi]H8RY2ZXYD6Y__66.wav,dizi
/Users/hughsignoriello/Developer/ML-based-analysis-of-sound/data/audio/chinese_instruments/dizi/[dizi]H8RY2ZXYD6Y__72.wav,dizi
/Users/hughsignoriello/Developer/ML-based-analysis-of-sound/data/audio/chinese_instruments/dizi/[dizi]PTneEz4a_3c__38.wav,dizi
/Users/hughsignoriello/Developer/ML-based-analysis-of-sound/data/audio/chinese_instruments/dizi/[dizi]urt0TItvqJk__13.wav,dizi
/Users/hughsignoriello/Developer/ML-based-analysis-of-sound/data/audio/chinese_instruments/dizi/[dizi]urt0TItvqJk__12.wav,dizi
/Users/hughsignoriello/Developer/ML-based-analysis-of-sound/data/audio/chinese_instruments/dizi/[dizi]PTneEz4a_3c__39.wav,dizi
/Users/hughsignoriello/Developer/ML-based-analysis-of-sound/data/audio/chinese_instruments/dizi/[dizi]H8RY2ZXYD6Y__73.wav,dizi
/Users/hughsignoriello/Developer/ML-based-analysis-of-sound/data/audio/chinese_instruments/dizi/[dizi]H8RY2ZXYD6Y__67.wav,dizi
/Users/hughsignoriello/Developer/ML-based-analysis-of-sound/data/audio/chinese_instruments/dizi/[dizi]PTneEz4a_3c__11.wav,dizi
/Users/hughsignoriello/Developer/ML-based-analysis-of-sound/data/audio/chinese_instruments/dizi/[dizi]PTneEz4a_3c__5.wav,dizi
/Users/hughsignoriello/Developer/ML-based-analysis-of-sound/data/audio/chinese_instruments/dizi/[dizi]WDKd0sQPnqU__49.wav,dizi
/Users/hughsignoriello/Developer/ML-based-analysis-of-sound/data/audio/chinese_instruments/dizi/[dizi]WDKd0sQPnqU__61.wav,dizi
/Users/hughsignoriello/Developer/ML-based-analysis-of-sound/data/audio/chinese_instruments/dizi/[dizi]WDKd0sQPnqU__75.wav,dizi
/Users/hughsignoriello/Developer/ML-based-analysis-of-sound/data/audio/chinese_instruments/dizi/[dizi]lI1L2l6vi-4__8.wav,dizi
/Users/hughsignoriello/Developer/ML-based-analysis-of-sound/data/audio/chinese_instruments/dizi/[dizi]-FoAZbf7ha0__5.wav,dizi
/Users/hughsignoriello/Developer/ML-based-analysis-of-sound/data/audio/chinese_instruments/dizi/[dizi]Mam92_4_lvA__53.wav,dizi
/Users/hughsignoriello/Developer/ML-based-analysis-of-sound/data/audio/chinese_instruments/dizi/[dizi]Mam92_4_lvA__47.wav,dizi
/Users/hughsignoriello/Developer/ML-based-analysis-of-sound/data/audio/chinese_instruments/dizi/[dizi]5il5NJIc3nk__102.wav,dizi
/Users/hughsignoriello/Developer/ML-based-analysis-of-sound/data/audio/chinese_instruments/dizi/[dizi]-FoAZbf7ha0__33.wav,dizi
/Users/hughsignoriello/Developer/ML-based-analysis-of-sound/data/audio/chinese_instruments/dizi/[dizi]5il5NJIc3nk__65.wav,dizi
/Users/hughsignoriello/Developer/ML-based-analysis-of-sound/data/audio/chinese_instruments/dizi/[dizi]5il5NJIc3nk__71.wav,dizi
/Users/hughsignoriello/Developer/ML-based-analysis-of-sound/data/audio/chinese_instruments/dizi/[dizi]-FoAZbf7ha0__27.wav,dizi
/Users/hughsignoriello/Developer/ML-based-analysis-of-sound/data/audio/chinese_instruments/dizi/[dizi]e6jkWTnFMvI__17.wav,dizi
/Users/hughsignoriello/Developer/ML-based-analysis-of-sound/data/audio/chinese_instruments/dizi/[dizi]lI1L2l6vi-4__34.wav,dizi
/Users/hughsignoriello/Developer/ML-based-analysis-of-sound/data/audio/chinese_instruments/dizi/[dizi]5il5NJIc3nk__59.wav,dizi
/Users/hughsignoriello/Developer/ML-based-analysis-of-sound/data/audio/chinese_instruments/dizi/[dizi]lI1L2l6vi-4__20.wav,dizi
/Users/hughsignoriello/Developer/ML-based-analysis-of-sound/data/audio/chinese_instruments/dizi/[dizi]lI1L2l6vi-4__36.wav,dizi
/Users/hughsignoriello/Developer/ML-based-analysis-of-sound/data/audio/chinese_instruments/dizi/[dizi]e6jkWTnFMvI__15.wav,dizi
/Users/hughsignoriello/Developer/ML-based-analysis-of-sound/data/audio/chinese_instruments/dizi/[dizi]lI1L2l6vi-4__22.wav,dizi
/Users/hughsignoriello/Developer/ML-based-analysis-of-sound/data/audio/chinese_instruments/dizi/[dizi]-FoAZbf7ha0__19.wav,dizi
/Users/hughsignoriello/Developer/ML-based-analysis-of-sound/data/audio/chinese_instruments/dizi/[dizi]5il5NJIc3nk__67.wav,dizi
/Users/hughsignoriello/Developer/ML-based-analysis-of-sound/data/audio/chinese_instruments/dizi/[dizi]-FoAZbf7ha0__31.wav,dizi
/Users/hughsignoriello/Developer/ML-based-analysis-of-sound/data/audio/chinese_instruments/dizi/[dizi]e6jkWTnFMvI__29.wav,dizi
/Users/hughsignoriello/Developer/ML-based-analysis-of-sound/data/audio/chinese_instruments/dizi/[dizi]-FoAZbf7ha0__25.wav,dizi
/Users/hughsignoriello/Developer/ML-based-analysis-of-sound/data/audio/chinese_instruments/dizi/[dizi]5il5NJIc3nk__73.wav,dizi
/Users/hughsignoriello/Developer/ML-based-analysis-of-sound/data/audio/chinese_instruments/dizi/[dizi]5il5NJIc3nk__98.wav,dizi
/Users/hughsignoriello/Developer/ML-based-analysis-of-sound/data/audio/chinese_instruments/dizi/[dizi]5il5NJIc3nk__100.wav,dizi
/Users/hughsignoriello/Developer/ML-based-analysis-of-sound/data/audio/chinese_instruments/dizi/[dizi]Mam92_4_lvA__79.wav,dizi
/Users/hughsignoriello/Developer/ML-based-analysis-of-sound/data/audio/chinese_instruments/dizi/[dizi]Mam92_4_lvA__51.wav,dizi
/Users/hughsignoriello/Developer/ML-based-analysis-of-sound/data/audio/chinese_instruments/dizi/[dizi]Mam92_4_lvA__45.wav,dizi
/Users/hughsignoriello/Developer/ML-based-analysis-of-sound/data/audio/chinese_instruments/dizi/[dizi]-FoAZbf7ha0__7.wav,dizi
/Users/hughsignoriello/Developer/ML-based-analysis-of-sound/data/audio/chinese_instruments/dizi/[dizi]WDKd0sQPnqU__63.wav,dizi
/Users/hughsignoriello/Developer/ML-based-analysis-of-sound/data/audio/chinese_instruments/dizi/[dizi]WDKd0sQPnqU__77.wav,dizi
/Users/hughsignoriello/Developer/ML-based-analysis-of-sound/data/audio/chinese_instruments/dizi/[dizi]PTneEz4a_3c__7.wav,dizi
/Users/hughsignoriello/Developer/ML-based-analysis-of-sound/data/audio/chinese_instruments/dizi/[dizi]Mam92_4_lvA__8.wav,dizi
/Users/hughsignoriello/Developer/ML-based-analysis-of-sound/data/audio/chinese_instruments/dizi/[dizi]H8RY2ZXYD6Y__71.wav,dizi
/Users/hughsignoriello/Developer/ML-based-analysis-of-sound/data/audio/chinese_instruments/dizi/[dizi]PTneEz4a_3c__13.wav,dizi
/Users/hughsignoriello/Developer/ML-based-analysis-of-sound/data/audio/chinese_instruments/dizi/[dizi]H8RY2ZXYD6Y__65.wav,dizi
/Users/hughsignoriello/Developer/ML-based-analysis-of-sound/data/audio/chinese_instruments/dizi/[dizi]urt0TItvqJk__10.wav,dizi
/Users/hughsignoriello/Developer/ML-based-analysis-of-sound/data/audio/chinese_instruments/dizi/[dizi]H8RY2ZXYD6Y__59.wav,dizi
/Users/hughsignoriello/Developer/ML-based-analysis-of-sound/data/audio/chinese_instruments/dizi/[dizi]H8RY2ZXYD6Y__58.wav,dizi
/Users/hughsignoriello/Developer/ML-based-analysis-of-sound/data/audio/chinese_instruments/dizi/[dizi]urt0TItvqJk__11.wav,dizi
/Users/hughsignoriello/Developer/ML-based-analysis-of-sound/data/audio/chinese_instruments/dizi/[dizi]H8RY2ZXYD6Y__64.wav,dizi
/Users/hughsignoriello/Developer/ML-based-analysis-of-sound/data/audio/chinese_instruments/dizi/[dizi]PTneEz4a_3c__12.wav,dizi
/Users/hughsignoriello/Developer/ML-based-analysis-of-sound/data/audio/chinese_instruments/dizi/[dizi]H8RY2ZXYD6Y__70.wav,dizi
/Users/hughsignoriello/Developer/ML-based-analysis-of-sound/data/audio/chinese_instruments/dizi/[dizi]Mam92_4_lvA__9.wav,dizi
/Users/hughsignoriello/Developer/ML-based-analysis-of-sound/data/audio/chinese_instruments/dizi/[dizi]PTneEz4a_3c__6.wav,dizi
/Users/hughsignoriello/Developer/ML-based-analysis-of-sound/data/audio/chinese_instruments/dizi/[dizi]WDKd0sQPnqU__76.wav,dizi
/Users/hughsignoriello/Developer/ML-based-analysis-of-sound/data/audio/chinese_instruments/dizi/[dizi]WDKd0sQPnqU__62.wav,dizi
/Users/hughsignoriello/Developer/ML-based-analysis-of-sound/data/audio/chinese_instruments/dizi/[dizi]-FoAZbf7ha0__6.wav,dizi
/Users/hughsignoriello/Developer/ML-based-analysis-of-sound/data/audio/chinese_instruments/dizi/[dizi]Mam92_4_lvA__44.wav,dizi
/Users/hughsignoriello/Developer/ML-based-analysis-of-sound/data/audio/chinese_instruments/dizi/[dizi]Mam92_4_lvA__50.wav,dizi
/Users/hughsignoriello/Developer/ML-based-analysis-of-sound/data/audio/chinese_instruments/dizi/[dizi]Mam92_4_lvA__78.wav,dizi
/Users/hughsignoriello/Developer/ML-based-analysis-of-sound/data/audio/chinese_instruments/dizi/[dizi]5il5NJIc3nk__101.wav,dizi
/Users/hughsignoriello/Developer/ML-based-analysis-of-sound/data/audio/chinese_instruments/dizi/[dizi]5il5NJIc3nk__99.wav,dizi
/Users/hughsignoriello/Developer/ML-based-analysis-of-sound/data/audio/chinese_instruments/dizi/[dizi]5il5NJIc3nk__72.wav,dizi
/Users/hughsignoriello/Developer/ML-based-analysis-of-sound/data/audio/chinese_instruments/dizi/[dizi]-FoAZbf7ha0__24.wav,dizi
/Users/hughsignoriello/Developer/ML-based-analysis-of-sound/data/audio/chinese_instruments/dizi/[dizi]-FoAZbf7ha0__30.wav,dizi
/Users/hughsignoriello/Developer/ML-based-analysis-of-sound/data/audio/chinese_instruments/dizi/[dizi]5il5NJIc3nk__66.wav,dizi
/Users/hughsignoriello/Developer/ML-based-analysis-of-sound/data/audio/chinese_instruments/dizi/[dizi]e6jkWTnFMvI__28.wav,dizi
/Users/hughsignoriello/Developer/ML-based-analysis-of-sound/data/audio/chinese_instruments/dizi/[dizi]lI1L2l6vi-4__23.wav,dizi
/Users/hughsignoriello/Developer/ML-based-analysis-of-sound/data/audio/chinese_instruments/dizi/[dizi]-FoAZbf7ha0__18.wav,dizi
/Users/hughsignoriello/Developer/ML-based-analysis-of-sound/data/audio/chinese_instruments/dizi/[dizi]e6jkWTnFMvI__14.wav,dizi
/Users/hughsignoriello/Developer/ML-based-analysis-of-sound/data/audio/chinese_instruments/dizi/[dizi]lI1L2l6vi-4__37.wav,dizi
/Users/hughsignoriello/Developer/ML-based-analysis-of-sound/data/audio/chinese_instruments/dizi/[dizi]5il5NJIc3nk__62.wav,dizi
/Users/hughsignoriello/Developer/ML-based-analysis-of-sound/data/audio/chinese_instruments/dizi/[dizi]-FoAZbf7ha0__34.wav,dizi
/Users/hughsignoriello/Developer/ML-based-analysis-of-sound/data/audio/chinese_instruments/dizi/[dizi]-FoAZbf7ha0__20.wav,dizi
/Users/hughsignoriello/Developer/ML-based-analysis-of-sound/data/audio/chinese_instruments/dizi/[dizi]5il5NJIc3nk__76.wav,dizi
/Users/hughsignoriello/Developer/ML-based-analysis-of-sound/data/audio/chinese_instruments/dizi/[dizi]e6jkWTnFMvI__38.wav,dizi
/Users/hughsignoriello/Developer/ML-based-analysis-of-sound/data/audio/chinese_instruments/dizi/[dizi]lI1L2l6vi-4__33.wav,dizi
/Users/hughsignoriello/Developer/ML-based-analysis-of-sound/data/audio/chinese_instruments/dizi/[dizi]e6jkWTnFMvI__10.wav,dizi
/Users/hughsignoriello/Developer/ML-based-analysis-of-sound/data/audio/chinese_instruments/dizi/[dizi]lI1L2l6vi-4__27.wav,dizi
/Users/hughsignoriello/Developer/ML-based-analysis-of-sound/data/audio/chinese_instruments/dizi/[dizi]5il5NJIc3nk__89.wav,dizi
/Users/hughsignoriello/Developer/ML-based-analysis-of-sound/data/audio/chinese_instruments/dizi/[dizi]Mam92_4_lvA__54.wav,dizi
/Users/hughsignoriello/Developer/ML-based-analysis-of-sound/data/audio/chinese_instruments/dizi/[dizi]Mam92_4_lvA__40.wav,dizi
/Users/hughsignoriello/Developer/ML-based-analysis-of-sound/data/audio/chinese_instruments/dizi/[dizi]Mam92_4_lvA__68.wav,dizi
/Users/hughsignoriello/Developer/ML-based-analysis-of-sound/data/audio/chinese_instruments/dizi/[dizi]-FoAZbf7ha0__2.wav,dizi
/Users/hughsignoriello/Developer/ML-based-analysis-of-sound/data/audio/chinese_instruments/dizi/[dizi]WDKd0sQPnqU__66.wav,dizi
/Users/hughsignoriello/Developer/ML-based-analysis-of-sound/data/audio/chinese_instruments/dizi/[dizi]WDKd0sQPnqU__72.wav,dizi
/Users/hughsignoriello/Developer/ML-based-analysis-of-sound/data/audio/chinese_instruments/dizi/[dizi]PTneEz4a_3c__2.wav,dizi
/Users/hughsignoriello/Developer/ML-based-analysis-of-sound/data/audio/chinese_instruments/dizi/[dizi]urt0TItvqJk__15.wav,dizi
/Users/hughsignoriello/Developer/ML-based-analysis-of-sound/data/audio/chinese_instruments/dizi/[dizi]H8RY2ZXYD6Y__48.wav,dizi
/Users/hughsignoriello/Developer/ML-based-analysis-of-sound/data/audio/chinese_instruments/dizi/[dizi]H8RY2ZXYD6Y__74.wav,dizi
/Users/hughsignoriello/Developer/ML-based-analysis-of-sound/data/audio/chinese_instruments/dizi/[dizi]PTneEz4a_3c__16.wav,dizi
/Users/hughsignoriello/Developer/ML-based-analysis-of-sound/data/audio/chinese_instruments/dizi/[dizi]H8RY2ZXYD6Y__60.wav,dizi
/Users/hughsignoriello/Developer/ML-based-analysis-of-sound/data/audio/chinese_instruments/dizi/[dizi]H8RY2ZXYD6Y__61.wav,dizi
/Users/hughsignoriello/Developer/ML-based-analysis-of-sound/data/audio/chinese_instruments/dizi/[dizi]PTneEz4a_3c__17.wav,dizi
/Users/hughsignoriello/Developer/ML-based-analysis-of-sound/data/audio/chinese_instruments/dizi/[dizi]H8RY2ZXYD6Y__75.wav,dizi
/Users/hughsignoriello/Developer/ML-based-analysis-of-sound/data/audio/chinese_instruments/dizi/[dizi]H8RY2ZXYD6Y__49.wav,dizi
/Users/hughsignoriello/Developer/ML-based-analysis-of-sound/data/audio/chinese_instruments/dizi/[dizi]urt0TItvqJk__14.wav,dizi
/Users/hughsignoriello/Developer/ML-based-analysis-of-sound/data/audio/chinese_instruments/dizi/[dizi]PTneEz4a_3c__3.wav,dizi
/Users/hughsignoriello/Developer/ML-based-analysis-of-sound/data/audio/chinese_instruments/dizi/[dizi]WDKd0sQPnqU__73.wav,dizi
/Users/hughsignoriello/Developer/ML-based-analysis-of-sound/data/audio/chinese_instruments/dizi/[dizi]WDKd0sQPnqU__67.wav,dizi
/Users/hughsignoriello/Developer/ML-based-analysis-of-sound/data/audio/chinese_instruments/dizi/[dizi]-FoAZbf7ha0__3.wav,dizi
/Users/hughsignoriello/Developer/ML-based-analysis-of-sound/data/audio/chinese_instruments/dizi/[dizi]Mam92_4_lvA__69.wav,dizi
/Users/hughsignoriello/Developer/ML-based-analysis-of-sound/data/audio/chinese_instruments/dizi/[dizi]Mam92_4_lvA__41.wav,dizi
/Users/hughsignoriello/Developer/ML-based-analysis-of-sound/data/audio/chinese_instruments/dizi/[dizi]Mam92_4_lvA__55.wav,dizi
/Users/hughsignoriello/Developer/ML-based-analysis-of-sound/data/audio/chinese_instruments/dizi/[dizi]5il5NJIc3nk__88.wav,dizi
/Users/hughsignoriello/Developer/ML-based-analysis-of-sound/data/audio/chinese_instruments/dizi/[dizi]lI1L2l6vi-4__26.wav,dizi
/Users/hughsignoriello/Developer/ML-based-analysis-of-sound/data/audio/chinese_instruments/dizi/[dizi]e6jkWTnFMvI__11.wav,dizi
/Users/hughsignoriello/Developer/ML-based-analysis-of-sound/data/audio/chinese_instruments/dizi/[dizi]lI1L2l6vi-4__32.wav,dizi
/Users/hughsignoriello/Developer/ML-based-analysis-of-sound/data/audio/chinese_instruments/dizi/[dizi]5il5NJIc3nk__77.wav,dizi
/Users/hughsignoriello/Developer/ML-based-analysis-of-sound/data/audio/chinese_instruments/dizi/[dizi]-FoAZbf7ha0__21.wav,dizi
/Users/hughsignoriello/Developer/ML-based-analysis-of-sound/data/audio/chinese_instruments/dizi/[dizi]e6jkWTnFMvI__39.wav,dizi
/Users/hughsignoriello/Developer/ML-based-analysis-of-sound/data/audio/chinese_instruments/dizi/[dizi]-FoAZbf7ha0__35.wav,dizi
/Users/hughsignoriello/Developer/ML-based-analysis-of-sound/data/audio/chinese_instruments/dizi/[dizi]5il5NJIc3nk__63.wav,dizi
/Users/hughsignoriello/Developer/ML-based-analysis-of-sound/data/audio/chinese_instruments/dizi/[dizi]lI1L2l6vi-4__18.wav,dizi
/Users/hughsignoriello/Developer/ML-based-analysis-of-sound/data/audio/chinese_instruments/dizi/[dizi]-FoAZbf7ha0__23.wav,dizi
/Users/hughsignoriello/Developer/ML-based-analysis-of-sound/data/audio/chinese_instruments/dizi/[dizi]5il5NJIc3nk__75.wav,dizi
/Users/hughsignoriello/Developer/ML-based-analysis-of-sound/data/audio/chinese_instruments/dizi/[dizi]5il5NJIc3nk__61.wav,dizi
/Users/hughsignoriello/Developer/ML-based-analysis-of-sound/data/audio/chinese_instruments/dizi/[dizi]-FoAZbf7ha0__37.wav,dizi
/Users/hughsignoriello/Developer/ML-based-analysis-of-sound/data/audio/chinese_instruments/dizi/[dizi]lI1L2l6vi-4__24.wav,dizi
/Users/hughsignoriello/Developer/ML-based-analysis-of-sound/data/audio/chinese_instruments/dizi/[dizi]5il5NJIc3nk__49.wav,dizi
/Users/hughsignoriello/Developer/ML-based-analysis-of-sound/data/audio/chinese_instruments/dizi/[dizi]lI1L2l6vi-4__30.wav,dizi
/Users/hughsignoriello/Developer/ML-based-analysis-of-sound/data/audio/chinese_instruments/dizi/[dizi]e6jkWTnFMvI__13.wav,dizi
/Users/hughsignoriello/Developer/ML-based-analysis-of-sound/data/audio/chinese_instruments/dizi/[dizi]Mam92_4_lvA__80.wav,dizi
/Users/hughsignoriello/Developer/ML-based-analysis-of-sound/data/audio/chinese_instruments/dizi/[dizi]Mam92_4_lvA__43.wav,dizi
/Users/hughsignoriello/Developer/ML-based-analysis-of-sound/data/audio/chinese_instruments/dizi/[dizi]Mam92_4_lvA__57.wav,dizi
/Users/hughsignoriello/Developer/ML-based-analysis-of-sound/data/audio/chinese_instruments/dizi/[dizi]-FoAZbf7ha0__1.wav,dizi
/Users/hughsignoriello/Developer/ML-based-analysis-of-sound/data/audio/chinese_instruments/dizi/[dizi]WDKd0sQPnqU__59.wav,dizi
/Users/hughsignoriello/Developer/ML-based-analysis-of-sound/data/audio/chinese_instruments/dizi/[dizi]WDKd0sQPnqU__71.wav,dizi
/Users/hughsignoriello/Developer/ML-based-analysis-of-sound/data/audio/chinese_instruments/dizi/[dizi]WDKd0sQPnqU__65.wav,dizi
/Users/hughsignoriello/Developer/ML-based-analysis-of-sound/data/audio/chinese_instruments/dizi/[dizi]PTneEz4a_3c__1.wav,dizi
/Users/hughsignoriello/Developer/ML-based-analysis-of-sound/data/audio/chinese_instruments/dizi/[dizi]PTneEz4a_3c__29.wav,dizi
/Users/hughsignoriello/Developer/ML-based-analysis-of-sound/data/audio/chinese_instruments/dizi/[dizi]urt0TItvqJk__16.wav,dizi
/Users/hughsignoriello/Developer/ML-based-analysis-of-sound/data/audio/chinese_instruments/dizi/[dizi]5il5NJIc3nk__9.wav,dizi
/Users/hughsignoriello/Developer/ML-based-analysis-of-sound/data/audio/chinese_instruments/dizi/[dizi]PTneEz4a_3c__15.wav,dizi
/Users/hughsignoriello/Developer/ML-based-analysis-of-sound/data/audio/chinese_instruments/dizi/[dizi]H8RY2ZXYD6Y__63.wav,dizi
/Users/hughsignoriello/Developer/ML-based-analysis-of-sound/data/audio/chinese_instruments/dizi/[dizi]H8RY2ZXYD6Y__77.wav,dizi
/Users/hughsignoriello/Developer/ML-based-analysis-of-sound/data/audio/chinese_instruments/dizi/[dizi]H8RY2ZXYD6Y__76.wav,dizi
/Users/hughsignoriello/Developer/ML-based-analysis-of-sound/data/audio/chinese_instruments/dizi/[dizi]H8RY2ZXYD6Y__62.wav,dizi
/Users/hughsignoriello/Developer/ML-based-analysis-of-sound/data/audio/chinese_instruments/dizi/[dizi]PTneEz4a_3c__14.wav,dizi
/Users/hughsignoriello/Developer/ML-based-analysis-of-sound/data/audio/chinese_instruments/dizi/[dizi]5il5NJIc3nk__8.wav,dizi
/Users/hughsignoriello/Developer/ML-based-analysis-of-sound/data/audio/chinese_instruments/dizi/[dizi]urt0TItvqJk__17.wav,dizi
/Users/hughsignoriello/Developer/ML-based-analysis-of-sound/data/audio/chinese_instruments/dizi/[dizi]PTneEz4a_3c__28.wav,dizi
/Users/hughsignoriello/Developer/ML-based-analysis-of-sound/data/audio/chinese_instruments/dizi/[dizi]WDKd0sQPnqU__64.wav,dizi
/Users/hughsignoriello/Developer/ML-based-analysis-of-sound/data/audio/chinese_instruments/dizi/[dizi]WDKd0sQPnqU__70.wav,dizi
/Users/hughsignoriello/Developer/ML-based-analysis-of-sound/data/audio/chinese_instruments/dizi/[dizi]WDKd0sQPnqU__58.wav,dizi
/Users/hughsignoriello/Developer/ML-based-analysis-of-sound/data/audio/chinese_instruments/dizi/[dizi]Mam92_4_lvA__56.wav,dizi
/Users/hughsignoriello/Developer/ML-based-analysis-of-sound/data/audio/chinese_instruments/dizi/[dizi]Mam92_4_lvA__42.wav,dizi
/Users/hughsignoriello/Developer/ML-based-analysis-of-sound/data/audio/chinese_instruments/dizi/[dizi]e6jkWTnFMvI__12.wav,dizi
/Users/hughsignoriello/Developer/ML-based-analysis-of-sound/data/audio/chinese_instruments/dizi/[dizi]lI1L2l6vi-4__31.wav,dizi
/Users/hughsignoriello/Developer/ML-based-analysis-of-sound/data/audio/chinese_instruments/dizi/[dizi]lI1L2l6vi-4__25.wav,dizi
/Users/hughsignoriello/Developer/ML-based-analysis-of-sound/data/audio/chinese_instruments/dizi/[dizi]5il5NJIc3nk__48.wav,dizi
/Users/hughsignoriello/Developer/ML-based-analysis-of-sound/data/audio/chinese_instruments/dizi/[dizi]-FoAZbf7ha0__36.wav,dizi
/Users/hughsignoriello/Developer/ML-based-analysis-of-sound/data/audio/chinese_instruments/dizi/[dizi]5il5NJIc3nk__60.wav,dizi
/Users/hughsignoriello/Developer/ML-based-analysis-of-sound/data/audio/chinese_instruments/dizi/[dizi]lI1L2l6vi-4__19.wav,dizi
/Users/hughsignoriello/Developer/ML-based-analysis-of-sound/data/audio/chinese_instruments/dizi/[dizi]5il5NJIc3nk__74.wav,dizi
/Users/hughsignoriello/Developer/ML-based-analysis-of-sound/data/audio/chinese_instruments/dizi/[dizi]-FoAZbf7ha0__22.wav,dizi
/Users/hughsignoriello/Developer/ML-based-analysis-of-sound/data/audio/chinese_instruments/gong/[gong]mL2r6E1E7sM__9.wav,gong
/Users/hughsignoriello/Developer/ML-based-analysis-of-sound/data/audio/chinese_instruments/gong/[gong]mL2r6E1E7sM__8.wav,gong
/Users/hughsignoriello/Developer/ML-based-analysis-of-sound/data/audio/chinese_instruments/gong/[gong]old_gong_natural__6.wav,gong
/Users/hughsignoriello/Developer/ML-based-analysis-of-sound/data/audio/chinese_instruments/gong/[gong]mL2r6E1E7sM__33.wav,gong
/Users/hughsignoriello/Developer/ML-based-analysis-of-sound/data/audio/chinese_instruments/gong/[gong]mL2r6E1E7sM__27.wav,gong
/Users/hughsignoriello/Developer/ML-based-analysis-of-sound/data/audio/chinese_instruments/gong/[gong]mL2r6E1E7sM__26.wav,gong
/Users/hughsignoriello/Developer/ML-based-analysis-of-sound/data/audio/chinese_instruments/gong/[gong]mL2r6E1E7sM__32.wav,gong
/Users/hughsignoriello/Developer/ML-based-analysis-of-sound/data/audio/chinese_instruments/gong/[gong]old_gong_natural__7.wav,gong
/Users/hughsignoriello/Developer/ML-based-analysis-of-sound/data/audio/chinese_instruments/gong/[gong]old_gong_natural__5.wav,gong
/Users/hughsignoriello/Developer/ML-based-analysis-of-sound/data/audio/chinese_instruments/gong/[gong]mL2r6E1E7sM__18.wav,gong
/Users/hughsignoriello/Developer/ML-based-analysis-of-sound/data/audio/chinese_instruments/gong/[gong]mL2r6E1E7sM__24.wav,gong
/Users/hughsignoriello/Developer/ML-based-analysis-of-sound/data/audio/chinese_instruments/gong/[gong]mL2r6E1E7sM__30.wav,gong
/Users/hughsignoriello/Developer/ML-based-analysis-of-sound/data/audio/chinese_instruments/gong/[gong]mL2r6E1E7sM__31.wav,gong
/Users/hughsignoriello/Developer/ML-based-analysis-of-sound/data/audio/chinese_instruments/gong/[gong]mL2r6E1E7sM__25.wav,gong
/Users/hughsignoriello/Developer/ML-based-analysis-of-sound/data/audio/chinese_instruments/gong/[gong]mL2r6E1E7sM__19.wav,gong
/Users/hughsignoriello/Developer/ML-based-analysis-of-sound/data/audio/chinese_instruments/gong/[gong]old_gong_natural__4.wav,gong
/Users/hughsignoriello/Developer/ML-based-analysis-of-sound/data/audio/chinese_instruments/gong/[gong]old_gong_natural__18.wav,gong
/Users/hughsignoriello/Developer/ML-based-analysis-of-sound/data/audio/chinese_instruments/gong/[gong]mL2r6E1E7sM__21.wav,gong
/Users/hughsignoriello/Developer/ML-based-analysis-of-sound/data/audio/chinese_instruments/gong/[gong]mL2r6E1E7sM__35.wav,gong
/Users/hughsignoriello/Developer/ML-based-analysis-of-sound/data/audio/chinese_instruments/gong/[gong]mL2r6E1E7sM__34.wav,gong
/Users/hughsignoriello/Developer/ML-based-analysis-of-sound/data/audio/chinese_instruments/gong/[gong]mL2r6E1E7sM__20.wav,gong
/Users/hughsignoriello/Developer/ML-based-analysis-of-sound/data/audio/chinese_instruments/gong/[gong]old_gong_natural__1.wav,gong
/Users/hughsignoriello/Developer/ML-based-analysis-of-sound/data/audio/chinese_instruments/gong/[gong]old_gong_natural__3.wav,gong
/Users/hughsignoriello/Developer/ML-based-analysis-of-sound/data/audio/chinese_instruments/gong/[gong]mL2r6E1E7sM__22.wav,gong
/Users/hughsignoriello/Developer/ML-based-analysis-of-sound/data/audio/chinese_instruments/gong/[gong]mL2r6E1E7sM__23.wav,gong
/Users/hughsignoriello/Developer/ML-based-analysis-of-sound/data/audio/chinese_instruments/gong/[gong]old_gong_natural__2.wav,gong
/Users/hughsignoriello/Developer/ML-based-analysis-of-sound/data/audio/chinese_instruments/gong/[gong]old_gong_natural__17.wav,gong
/Users/hughsignoriello/Developer/ML-based-analysis-of-sound/data/audio/chinese_instruments/gong/[gong]mL2r6E1E7sM__12.wav,gong
/Users/hughsignoriello/Developer/ML-based-analysis-of-sound/data/audio/chinese_instruments/gong/[gong]mL2r6E1E7sM__13.wav,gong
/Users/hughsignoriello/Developer/ML-based-analysis-of-sound/data/audio/chinese_instruments/gong/[gong]old_gong_natural__16.wav,gong
/Users/hughsignoriello/Developer/ML-based-analysis-of-sound/data/audio/chinese_instruments/gong/[gong]old_gong_natural__14.wav,gong
/Users/hughsignoriello/Developer/ML-based-analysis-of-sound/data/audio/chinese_instruments/gong/[gong]mL2r6E1E7sM__11.wav,gong
/Users/hughsignoriello/Developer/ML-based-analysis-of-sound/data/audio/chinese_instruments/gong/[gong]mL2r6E1E7sM__10.wav,gong
/Users/hughsignoriello/Developer/ML-based-analysis-of-sound/data/audio/chinese_instruments/gong/[gong]old_gong_natural__15.wav,gong
/Users/hughsignoriello/Developer/ML-based-analysis-of-sound/data/audio/chinese_instruments/gong/[gong]old_gong_natural__9.wav,gong
/Users/hughsignoriello/Developer/ML-based-analysis-of-sound/data/audio/chinese_instruments/gong/[gong]old_gong_natural__11.wav,gong
/Users/hughsignoriello/Developer/ML-based-analysis-of-sound/data/audio/chinese_instruments/gong/[gong]mL2r6E1E7sM__14.wav,gong
/Users/hughsignoriello/Developer/ML-based-analysis-of-sound/data/audio/chinese_instruments/gong/[gong]mL2r6E1E7sM__28.wav,gong
/Users/hughsignoriello/Developer/ML-based-analysis-of-sound/data/audio/chinese_instruments/gong/[gong]mL2r6E1E7sM__29.wav,gong
/Users/hughsignoriello/Developer/ML-based-analysis-of-sound/data/audio/chinese_instruments/gong/[gong]mL2r6E1E7sM__15.wav,gong
/Users/hughsignoriello/Developer/ML-based-analysis-of-sound/data/audio/chinese_instruments/gong/[gong]old_gong_natural__10.wav,gong
/Users/hughsignoriello/Developer/ML-based-analysis-of-sound/data/audio/chinese_instruments/gong/[gong]old_gong_natural__8.wav,gong
/Users/hughsignoriello/Developer/ML-based-analysis-of-sound/data/audio/chinese_instruments/gong/[gong]old_gong_natural__12.wav,gong
/Users/hughsignoriello/Developer/ML-based-analysis-of-sound/data/audio/chinese_instruments/gong/[gong]mL2r6E1E7sM__17.wav,gong
/Users/hughsignoriello/Developer/ML-based-analysis-of-sound/data/audio/chinese_instruments/gong/[gong]mL2r6E1E7sM__16.wav,gong
/Users/hughsignoriello/Developer/ML-based-analysis-of-sound/data/audio/chinese_instruments/gong/[gong]old_gong_natural__13.wav,gong
/Users/hughsignoriello/Developer/ML-based-analysis-of-sound/data/audio/chinese_instruments/gong/[gong]mL2r6E1E7sM__6.wav,gong
/Users/hughsignoriello/Developer/ML-based-analysis-of-sound/data/audio/chinese_instruments/gong/[gong]mL2r6E1E7sM__7.wav,gong
/Users/hughsignoriello/Developer/ML-based-analysis-of-sound/data/audio/chinese_instruments/gong/[gong]mL2r6E1E7sM__5.wav,gong
/Users/hughsignoriello/Developer/ML-based-analysis-of-sound/data/audio/chinese_instruments/gong/[gong]mL2r6E1E7sM__4.wav,gong
/Users/hughsignoriello/Developer/ML-based-analysis-of-sound/data/audio/chinese_instruments/gong/[gong]mL2r6E1E7sM__1.wav,gong
/Users/hughsignoriello/Developer/ML-based-analysis-of-sound/data/audio/chinese_instruments/gong/[gong]mL2r6E1E7sM__3.wav,gong
/Users/hughsignoriello/Developer/ML-based-analysis-of-sound/data/audio/chinese_instruments/gong/[gong]mL2r6E1E7sM__2.wav,gong
